-- Database (POPOLAZIONE) per il progetto Prism Game Reviews (Tecnlogie Web 2016-2017)
-- Questo file va caricato DOPO database.sql
-- Per Database (STRUTTURA) si usi il file database.sql
-- Per i parametri di connessione si vedano le prime righe di connection.php



-- FILE CONTENT

--	--------------------------	--
--	BEGIN						--
--		SELECT DATABASE			--
--		DISABLE CONSTRAINTS		--
--		RESET TABLES			--
--		BASE DATA				--
--			Users				--
--			Genres				--
--			Platforms			--
--		CONTENT					--
--			Dumped data			--
--		FAKE DATA				--
--		RE-ENABLE CONSTRAINTS	--
--	END							--
--	--------------------------	--



-- BEGIN



-- SELECT DATABASE:

USE DB_PRISM;



-- DISABLE CONSTRAINTS:

SET FOREIGN_KEY_CHECKS=0;

DROP TRIGGER IF EXISTS NotDeleteGioco;
DROP TRIGGER IF EXISTS PreventIllegalInsertIntoRecensione;
DROP TRIGGER IF EXISTS PreventIllegalUpdateOnRecensione;



-- RESET TABLES:
 
TRUNCATE TABLE UTENTE;
TRUNCATE TABLE RECENSIONE;
TRUNCATE TABLE GIOCO;
TRUNCATE TABLE GENERE;
TRUNCATE TABLE PIATTAFORMA;
TRUNCATE TABLE APPARTENENZA;
TRUNCATE TABLE ESECUZIONE;
TRUNCATE TABLE COMMENTO;



-- BASE DATA:

-- Users:
INSERT INTO UTENTE (Email, Username, DataIscrizione, HashPassword, Administrator, Eliminato) VALUES 
('admin@example.com', 'admin', '2016-01-01', '$2y$10$XMaYjRk4u6DrDXM7fITYVO4QNn7.BZDG8VCHbAQr2QhXPdOmVp6SO', True, False),
('user@example.com', 'user', '2016-01-01', '$2y$10$G2YjJX5.XMJCLyDV7sF.nOiSMQjJVsSOMflW3zyg9cB8I/UjvR2E6', False, False),
('aldo.biondo@gmail.com', 'AldoBiondo', '2016-12-20', '$2y$10$vuwdsCdCunZWTLEVb7I4ceWfxR8qOKFCP8iGbajgHpItUeq.8lVTO', True, False),
('alfonso3@gmail.com', 'alfonso3', '2017-02-05', '$2y$10$vuwdsCdCunZWTLEVb7I4ceWfxR8qOKFCP8iGbajgHpItUeq.8lVTO', False, False),
('ex.admin@example.com', 'exAdmin', '2016-02-02', '$2y$10$vuwdsCdCunZWTLEVb7I4ceWfxR8qOKFCP8iGbajgHpItUeq.8lVTO', True, True);


-- Genres:
INSERT INTO GENERE (Nome) VALUES ('Azione');
INSERT INTO GENERE (Nome) VALUES ('Avventura');
INSERT INTO GENERE (Nome) VALUES ('<span lang="en"><abbr title="First Person Shooter">FPS</abbr></span>');
INSERT INTO GENERE (Nome) VALUES ('Sportivo');
INSERT INTO GENERE (Nome) VALUES ('Strategia');
INSERT INTO GENERE (Nome) VALUES ('Piattaforme');
INSERT INTO GENERE (Nome) VALUES ('Manageriale');
INSERT INTO GENERE (Nome) VALUES ('<span lang="en"><abbr title="Massive Multiplayer Online Role Playing Game">MMORPG</abbr></span>');
INSERT INTO GENERE (Nome) VALUES ('Picchiaduro');
INSERT INTO GENERE (Nome) VALUES ('<span lang="en">Open world</span>');
INSERT INTO GENERE (Nome) VALUES ('<span lang="en">Horror</span>');
INSERT INTO GENERE (Nome) VALUES ('<span lang="en">Survival</span>');


-- Platforms:
INSERT INTO PIATTAFORMA (Nome, Versione, AnnoRilascio) VALUES ('<span lang="en">Xbox</span>', '<span lang="en">Original</span>', 2002);
INSERT INTO PIATTAFORMA (Nome, Versione, AnnoRilascio) VALUES ('<span lang="en">Xbox</span>', '360', 2005);
INSERT INTO PIATTAFORMA (Nome, Versione, AnnoRilascio) VALUES ('<span lang="en">Xbox</span>', '<span lang="en">One</span>', 2013);
INSERT INTO PIATTAFORMA (Nome, Versione, AnnoRilascio) VALUES ('<span lang="en">PlayStation</span>', '<span lang="en">Original</span>', 1995);
INSERT INTO PIATTAFORMA (Nome, Versione, AnnoRilascio) VALUES ('<span lang="en">PlayStation</span>', '2', 2000);
INSERT INTO PIATTAFORMA (Nome, Versione, AnnoRilascio) VALUES ('<span lang="en">PlayStation</span>', '3', 2006);
INSERT INTO PIATTAFORMA (Nome, Versione, AnnoRilascio) VALUES ('<span lang="en">PlayStation</span>', '4', 2013);
INSERT INTO PIATTAFORMA (Nome, Versione, AnnoRilascio) VALUES ('<span lang="en">Windows</span>', '98', 1998);
INSERT INTO PIATTAFORMA (Nome, Versione, AnnoRilascio) VALUES ('<span lang="en">Windows</span>', '<span lang="en"><abbr title="eXPerience">XP</abbr></span>', 2001);
INSERT INTO PIATTAFORMA (Nome, Versione, AnnoRilascio) VALUES ('<span lang="en">Windows</span>', '8.1', 2013);
INSERT INTO PIATTAFORMA (Nome, Versione, AnnoRilascio) VALUES ('<span lang="en">Windows</span>', '7', 2009);
INSERT INTO PIATTAFORMA (Nome, Versione, AnnoRilascio) VALUES ('<span lang="en">Windows</span>', '10', 2015);
INSERT INTO PIATTAFORMA (Nome, Versione, AnnoRilascio) VALUES ('Nintendo', '64', 1997);
INSERT INTO PIATTAFORMA (Nome, Versione, AnnoRilascio) VALUES ('Nintendo', '<span lang="en">Wii</span>', 2006);
INSERT INTO PIATTAFORMA (Nome, Versione, AnnoRilascio) VALUES ('Nintendo', '<span lang="en">Wii <acronym title="you">U</acronym></span>', 2012);



-- CONTENT:

-- Dumping data for table `APPARTENENZA`
INSERT INTO `APPARTENENZA` (`IDGioco`, `IDGenere`) VALUES
(1, 1),
(2, 1),
(4, 1),
(7, 1),
(9, 1),
(10, 1),
(1, 2),
(3, 2),
(4, 2),
(6, 2),
(9, 2),
(10, 2),
(2, 3),
(13, 3),
(5, 4),
(12, 4),
(14, 4),
(3, 5),
(6, 5),
(8, 5),
(3, 6),
(5, 7),
(11, 7),
(7, 9),
(15, 1),
(15, 3);


-- Dumping data for table `COMMENTO`
INSERT INTO `COMMENTO` (`IDRecensione`, `UTENTE`, `Contenuto`, `DataCommento`) VALUES
(1, 'admin', 'Recensione davvero ben fatta, non avrei saputo dare un parere migliore di questo. <strong><span lang="en"><abbr title="Grand Theft Auto">GTA</abbr></span> 5</strong> è un gioco assolutamente entusiasmante, se ne avete l&apos;occasione provatelo, e vi <em>innamorerete</em>.\r\nAspettiamo con trepidazione il prossimo capitolo della serie, forza <span lang="en">Rockstar</span>.', '2016-02-05'),
(1, 'user', '<span lang="en"><abbr title="Grand Theft Auto">GTA</abbr></span> 5 sempre quello è, che tu lo guardi in orizzontale, verticale o in obliquo sempre così rimane e si rigiocheranno per la seconda volta lo stesso gioco. E va comunque penalizzato secondo me, un voto così alto ai <span lang="en">remastered</span> non andrebbe mai dato per una questione di buon senso a maggior ragione se arrivano a un anno dall&apos;uscita dell&apos;ultimo titolo.\r\nNon mi trovo in accordo con questa recensione, e voglio avvisare tutti coloro che leggeranno questo mio commento che <strong>sconsiglio di comprare questo titolo</strong>.', '2016-01-06'),
(2, 'Toona.YourJackal', 'Quando si inizia a giocare, <em>non si pensa più a nulla</em>. <span lang="en">Overwatch</span> è davvero appassionante e super godibile.', '2016-03-28'),
(2, 'AldoBiondo', 'Gioco <strong>incredibile</strong>. Da quando un mio amico me l&apos;ha regalato, trascorro i miei pomeriggi davanti alla <span lang="en">console</span> a giocare. Ormai è diventato quasi come una droga. Complimenti alla <span lang="en">Blizzard</span> per questo capolavoro.', '2017-03-12'),
(2, 'user', 'Anche se <strong><abbr title="Professore">Prof.</abbr> <span lang="en">John</span> il distruttore</strong> ha una certa personalità, il miglior eroe è ovviamente <strong><span lang="en">Reaper</span></strong>.\r\n<span lang="en">Reaper</span> si tramuta in un&apos;ombra per breve tempo. Finché è in questa forma non subisce danni e può passare attraverso i nemici, ma non può usare né armi né altre abilità.', '2016-04-21'),
(3, 'admin', 'Quanti ricordi che mi tornano in mente. Mi ricordo ancora le giornate passate a giocare alla <span lang="en">PlayStation</span> per cercare di fare tutti i livelli completi al <strong>100%</strong>.\r\nI giochi come questo sono i veri giochi, con i quali siamo cresciuti, che costavano poco, ma ti divertivi moltissimo.', '2016-05-13'),
(3, 'theTooner_Joy', 'Videogioco orribile, non mi è mai piaciuto, troppo semplice e noioso.\r\n<strong><span lang="en">Crash Bandicoot</span></strong> era tutto un altro titolo. La <em>serie di <span lang="en">Crash Bandicoot</span></em> era veramente fatta bene.', '2017-04-29'),
(3, 'TheFounder', 'Poco tempo fa ho riacceso la mia vecchia <span lang="en"><abbr title="PlayStation">PS</abbr></span>2, e fatalità nel lettore <abbr title="Compact Disc">CD</abbr> c&apos;era <em>Paperino - Operazione Papero</em>. Ho provato a giocarci di nuovo, ma a causa della grafica ho dovuto spegnerlo in breve.\r\nSarebbe davvero fantastico se facessero una versione <span lang="en">remastered</span> del gioco, la comprerei subito.', '2016-12-21'),
(4, 'SaraColler', 'Il gioco è ambientato a Londra, nel 1868, in piena epoca vittoriana. I nuovi protagonisti sono <em>i gemelli <span lang="en">Jacob</span> e <span lang="en">Evie Frye</span></em>, che dovranno guidare la rivoluzione popolare scoppiata a causa dell&apos;oppressione da parte dei ricchi industriali. Il giocatore avrà la possibilità di guidare una propria &quot;<span lang="en">gang</span>&quot;; sarà inoltre disponibile un nuovo tipo di arsenale: si potranno utilizzare, infatti, un tirapugni in ottone, un bastone animato, una rivoltella, un pugnale artigianale ricurvo e l&apos;<strong>immancabile lama celata</strong>.', '2016-09-21'),
(4, 'AldoBiondo', 'I due personaggi del videogioco saranno entrambi utilizzabili dal giocatore, il quale potrà scegliere quale utilizzare durante il <span lang="en">free roaming</span>, le <em>missioni secondarie</em> e alcune <em>missioni principali</em>, mentre altre devono essere svolte obbligatoriamente da uno dei due gemelli.', '2017-04-29'),
(4, 'Toona.YourJackal', 'Il gioco ha ricevuto critiche miste ma nella maggior parte positive. <em><span lang="en">GameSpot</span></em> ha elogiato la fluidità del nuovo sistema di combattimento di <em><span lang="en">Syndicate</span></em>, così come la bellezza della mappa e l&apos;aggiunta del <strong>lanciatore corda</strong>. Sono stati elogiati le missioni e l&apos;<em>intelligenza artificiale dei personaggi</em>. Tuttavia le vendite non sono state come la <span lang="en">Ubisoft</span> sperava di avere.', '2016-06-24'),
(5, 'admin', 'Con il campionato di calcio ormai in pieno svolgimento, gli appassionati di videogiochi non vedono l&apos;ora di rituffarsi sui campi da gioco virtuali per giocare con la propria squadra del cuore: in Italia tutto questo è particolarmente sentito. Dopo tutto da noi il calcio è considerato come un&apos;immensa religione che ha la sua celebrazione, settimanale o infrasettimanale, nella partita, ed il suo apice dell&apos;interesse videoludico nell&apos;uscita dei vari <em><acronym title="Federation Internationale de Football Association">FIFA</acronym></em> e <em><acronym title="Pro Evolution Soccer">PES</acronym></em>, sempre accompagnati da un <span lang="en">hype</span> che non trova pari negli altri generi.', '2016-11-17'),
(5, 'RoxyBreaker', 'La serie venne spesso criticata per la sua staticità: grazie al suo indiscusso dominio nel settore, <acronym title="Federation Internationale de Football Association">FIFA</acronym> poteva permettersi di presentare nelle nuove edizioni del gioco, più che miglioramenti nel sistema di gioco, aggiornamenti delle rose e implementazione grafica, col risultato che in ogni edizione rimanevano problemi più o meno gravi di bilanciamento e di intelligenza artificiale che di fatto imponevano stili di gioco fissi impedendo al giocatore l&apos;utilizzo di tattiche personali.', '2016-10-19'),
(5, 'alfonso3', 'La versione in <span lang="en">Blu-ray Disc</span> include alcune caratteristiche dal titolo seguente ed è una versione migliorata della versione originale. Il gioco diventò famoso per il fatto che era possibile fare <span lang="en">goal</span> ribattendo una rimessa dal fondo calciata dal portiere avversario, semplicemente posizionandosi davanti ad esso e per la possibilità di allontanarsi dall&apos;arbitro quando esso brandiva un cartellino.', '2017-03-16'),
(5, 'theTooner_Joy', 'Le uscite degli anni seguenti subirono invece notevoli critiche: gli utenti si lamentavano delle poche modalità di gioco, dei <span lang="en">bug</span> che non erano stati risolti e dei pochi miglioramenti da un titolo all&apos;altro. Ma <acronym title="Federation Internationale de Football Association">FIFA</acronym> 17 è <strong>perfetto</strong>. Provatelo se non ci credete.', '2017-05-11'),
(6, 'PaoloRossi', 'Le missioni sono principalmente costituite da una minuziosa esplorazione alla ricerca di oggetti da esaminare, raccogliere o utilizzare per compiere determinate azioni; in alcuni frangenti è necessario anche risolvere degli enigmi, che a volte comportano l&apos;utilizzo di oggetti rinvenuti all&apos;interno del livello o già in dotazione nell&apos;inventario che il personaggio controllato ha all&apos;inizio del livello.', '2017-05-01'),
(6, 'max_4-joke', 'È interessante notare come il <span lang="en">gameplay</span> cambi a seconda del personaggio controllato: <span lang="en">Diabolik</span> infatti è più portato all&apos;azione e deve risolvere gli enigmi più complicati; Eva compie invece azioni &quot;<em>di supporto</em>&quot;, più di intelletto che d&apos;azione, che permettono a <span lang="en">Diabolik</span> di procedere nel livello. Il livello con <span lang="en">Helena</span>, invece, consiste nella risoluzione di enigmi attinenti all&apos;ambiente circostante, che le permettano di andare avanti.', '2017-04-23'),
(6, 'Mantra.BlackPanda', '<strong>Quanti ricordi</strong>. Il gioco mi fa tornare alla mente tutti i fumetti del celebre ladro <em><span lang="en">Diabolik</span></em>.', '2016-08-28'),
(7, 'lukeWhite', 'Questo quarto capitolo mi ha un po&apos; deluso. L&apos;introduzione di un nuovo protagonista mettendo in secondo piano <strong>Dante</strong> ha rovinato un po&apos; la fama della saga, è davvero un peccato. Spero che con il prossimo capitolo <em><span lang="en">Capcom</span></em> torni indietro sui suoi passi.', '2017-03-03'),
(7, 'RoxyBreaker', 'Appena Dante termina di prepararsi, <span lang="en">Lady</span>, eccitata, chiede a Dante se può andare con loro, e lui sorridendo le risponde: &quot;<em>Fai come credi, ma non aspettarti uno stipendio!</em>&quot; Appena il trio irrompe attraverso la porta, Dante, <span lang="en">Lady</span> e <span lang="en">Trish</span> si mettono in posa mentre Dante dice: &quot;<strong>Andiamo ragazze, <em><span lang="en">Let&apos;s Rock</span>!</em></strong>&quot; e spara ripetutamente verso lo schermo.', '2016-09-24'),
(7, 'user', 'Affrontando <em>Sua Santità</em>, Nero assiste all&apos;interpretazione distorta della volontà di Sparda e lo sconfigge, liberando <span lang="en">Kyrie</span> alla fine della battaglia. In seguito, Nero restituisce la spada di Sparda a Dante, quando <em>Il Salvatore</em> si risveglia, avendo assorbito <em>Sua Santità</em>. Distruggendo questo demone finale, Nero fa la pace con il suo braccio demoniaco, sempre stato per lui motivo di discriminazione.', '2016-09-13'),
(8, 'admin', 'I <strong>Tedeschi</strong> rappresentano tutti i regni dell&apos;Europa Centrale dell&apos;epoca. All&apos;inizio i <em>Tedeschi</em> dispongono di un numero minore di coloni che ne rallenta lo sviluppo economico. In compenso, dispongono dei carri dei coloni (speciali lavoratori tedeschi) che possono essere inviati in gran numero solo dalla città madre e quasi tutte le carte inviano anche alcuni cavalieri <span lang="de">Ulani</span>. Inoltre i <em>Tedeschi</em> possono assoldare mercenari prima di tutte le altre fazioni. Le loro unità uniche sono i <em><span lang="de">Doppelsöldner</span></em>, gli <span lang="de">Ulani</span>, i carri da guerra. Le <strong>Guardie Reali dei <em>Tedeschi</em></strong> sono gli <em><span lang="de">Ulani Kart</span></em> e gli <em>Schermagliatori di Prussia</em>.', '2016-11-18'),
(8, 'LisaArdu', 'I <strong>Portoghesi</strong> ricevono un carro coperto ad ogni avanzamento di età. Questa civiltà ha inoltre vantaggi aggiuntivi nell&apos;esplorazione, come ad esempio l&apos;uso del cannocchiale da parte dell&apos;esploratore. Hanno un esercito ben bilanciato ed una potente flotta. Le loro unità uniche sono il <span lang="es">Caçador</span> e il cannone ad organo. Le loro <strong>Guardie Reali</strong> sono i <em>Dragoni</em> e i <em>Moschettieri</em>.', '2017-03-18'),
(8, 'gigi89', 'I <strong>Francesi</strong> usano i Corridori dei boschi, abitanti del villaggio che raccolgono le risorse più velocemente e eventualmente possono fungere da fanteria, ma sono più costosi. Questa civiltà è la più forte nel creare alleanze con i nativi del luogo. I <em>Francesi</em> hanno la cavalleria più forte del gioco, i Corazzieri, che sono però molto costosi. Le loro <strong>Guardie Reali</strong> sono i <em>Gendarmi Corazzieri</em> e gli <em>Schermagliatori Volteggiatori</em>.', '2017-02-18'),
(8, 'user', 'I <strong>Britannici</strong> costruiscono i Manieri, delle case speciali che creano gratuitamente un abitante a maniero ultimato, sono più resistenti, ma anche più costosi. La potenza militare britannica è maggiore verso le età più avanzate con un&apos;economia forte all&apos;inizio del gioco. Le loro unità uniche sono l&apos;<em>Arciere con arco lungo</em> e i <em>Razzi</em>. Le <strong>Guardie Reali</strong> sono le <em>Giubbe Rosse</em> e la <em>Guardia del re imperiale</em>.', '2016-11-18'),
(9, 'Mantra.BlackPanda', '<span lang="en">Aiden</span> trova l&apos;uomo e lo uccide, per poi scoprire che dietro la telefonata si cela il suo <em>vecchio compagno <span lang="en">Damien</span></em>. Intanto <span lang="en">Jordi</span> propone ad <span lang="en">Aiden</span> un lavoro: deve fare da autista a un suo uomo che si trova nei guai, è così che <span lang="en">Aiden</span> fa la conoscenza con il capo di <span lang="en">Chicago</span>: <span lang="en">Lucky Quinn</span>, che infine uccide il ragazzo.', '2016-12-29'),
(9, 'CarlJohnson', 'Il giocatore potrà <em>prevedere ed evitare possibili crimini</em>: una funzione che crea piccole missioni a sé stanti, che possono attivarsi in qualsiasi momento, il giocatore è libero di intervenire come meglio crede. Sarà possibile beneficiare del <strong><span lang="en">Profiler</span></strong>, che può mostrare informazioni sui cittadini, forse la cosa più importante nel gioco.', '2017-04-30'),
(9, 'lukeWhite', '<span lang="en">Lucky</span> aveva assoldato il ragazzo per recuperare alcune informazioni, ma avendo fatto scattare l&apos;allarme ha preferito farlo fuori. <span lang="en">Aiden</span> sa che <span lang="en">Quinn</span> è un uomo pericoloso e che, se lo uccidesse, farebbe un grosso favore a <span lang="en">Chicago</span>, ma decide di andarsene.', '2017-04-23'),
(10, 'john_117', 'Gioco davvero entusiasmante e forte di emozioni. A chiunque piaccia il genere <span lang="en">Watch Dogs</span> 2, come anche il primo capitolo, apparirà come un vero e proprio <em><span lang="en">cult</span> dello spionaggio</em>.', '2017-01-17'),
(10, 'jenny-biasut', 'Non essendo un vero amante del genere, io l&apos;ho trovato un po&apos; <em>noioso</em> e <em>ripetitivo</em>. Se mai dovesse uscire un terzo capitolo non lo acquisterei.', '2017-01-14'),
(10, 'alfonso3', 'Spionaggio, tecnologia, <span lang="en">hacking</span>, azione, complotti: cosa si può volere di più da un gioco? Gioco consigliato a tutti, davvero magnifico.', '2017-01-07'),
(10, 'PaoloRossi', 'Rispetto al primo capitolo questo titolo lo supera enormemente, davvero un capolavoro. Complimenti alla <span lang="en">Ubisoft</span>.', '2017-04-07'),
(11, 'john_117', '<span lang="en">The Sims</span> 4 è il quarto capitolo pubblicato il 4 settembre 2014. Le principali novità riguardano il <span lang="en"><acronym title="Create A Sim">CAS</acronym></span>: infatti si potrà modificare qualunque parte del corpo con il <span lang="en">mouse</span>. Il gioco, interamente sviluppato dalla <span lang="en">Maxis</span>, ritrova la sua grafica <span lang="en">cartoon</span> di <span lang="en">The Sims</span> 2. Inoltre un&apos;importante novità riguarda le emozioni: infatti i personaggi saranno in grado di eseguire varie interazioni a seconda dello stato d&apos;animo che provano in un determinato momento.', '2017-04-03'),
(11, 'jenny-biasut', 'Sviluppare interazioni in diversi aspetti quali il <em>lavoro</em>, la <em>vita amorosa</em>, la <em>vita sociale</em>, i <em>bisogni primari</em>. Abitare delle case (da costruire e arredare), avere un <strong>lavoro</strong>, guadagnare <strong>soldi</strong> e vivere <strong>esistenze</strong> che ricordano quelle delle persone vere.', '2017-04-02'),
(11, 'user', 'Sono stati ripristinati i tempi di caricamento, rimossi in <span lang="en">The Sims</span> 3, in caso di uscita da un quartiere (che comprende circa 5 lotti). Sono state rimosse anche alcune caratteristiche presenti nei titoli precedenti, come la possibilità di costruire una piscina, i fantasmi, e lo stato di crescita <em>Bebè</em>; infatti da neonato i personaggi diventeranno direttamente bambini. Alcune di queste caratteristiche sono state ripristinate grazie ad aggiornamenti gratuiti rilasciati nei mesi successivi all&apos;uscita del gioco.', '2017-03-01'),
(13, 'admin', 'Questo è il luogo dove venivano creati i <strong><span lang="en">Big Daddy</span></strong> ed i <strong>Plasmidi</strong>, nonché il luogo in cui si trova l&apos;accesso al nascondiglio della <span lang="en">Lamb</span> ed <span lang="en">Eleanor</span>. Appena arrivato Delta viene accolto dalla voce febbricitante dell&apos;inventore dei <strong><span lang="en">Big Daddy: <em>Gilbert Alexander</em></span></strong>. In questo messaggio precedentemente registrato avverte l&apos;avventore di come la pazzia lo stia lentamente possedendo e lo potrebbe spingere ad una violenza estrema.', '2017-04-17'),
(13, 'AldoBiondo', 'Avventuroso, pieno di colpi di scena, avvincente, davvero un ottimo <span lang="en">sequel</span> del primo capitolo di <span lang="en">BioShock</span>.', '2017-04-17'),
(13, 'Mantra.BlackPanda', '<em>Delta si risveglia legato in una cella</em>. <span lang="en">Eleanor</span> lo contatta mentalmente. Il piano della madre era di fermare il suo cuore abbastanza a lungo da stroncare il <span lang="en">Big Daddy</span>, per poi rianimarla. Delta è vivo, ma il suo organismo è allo stremo. Una sorellina lo raggiunge e gli inietta un composto di plasmidi datole da <span lang="en">Eleanor</span>.', '2017-04-28'),
(13, 'user', 'Un&apos;ultima richiesta viene lasciata dall&apos;uomo in procinto di impazzire a chi lo stesse ascoltando: ucciderlo e porre fine a tutto. Raggiunta una sala sotterranea, Delta si trova di fronte ad un enorme cisterna trasparente piena di liquido al cui interno si muove una <em>creatura misteriosa</em>. Quella creatura è <em><span lang="en">Alexander</span></em>.', '2017-04-17'),
(14, 'LisaArdu', 'Per gli appassionati di <em><span lang="en">basket</span></em> e <em>videogiochi</em> anche questo capitolo della saga è veramente ben fatto. Sempre aggiornato, ed ogni anno si ha una miglioria della grafica ed un maggior numero di accessori a disposizione.', '2017-04-21'),
(14, 'Mantra.BlackPanda', 'Nel luglio 2011 scatta il secondo <span lang="en">lockout</span> della storia della <span lang="en"><abbr title="National Basketball Association">NBA</abbr></span>, poiché la lega e l&apos;associazione dei giocatori non hanno trovato l&apos;accordo sul rinnovo del contratto collettivo, volto al risparmio così come richiesto dai 30 proprietari. Durante questo periodo molti giocatori <span lang="en"><abbr title="National Basketball Association">NBA</abbr></span>, soprattutto europei, decidono di lasciare l&apos;America per tornare a giocare nel vecchio continente, specialmente nel campionato turco.', '2017-05-23'),
(14, 'PaoloRossi', 'Mi rivolgo a chiunque non abbia mai provato un capitolo della serie <span lang="en"><abbr title="National Basketball Association">NBA</abbr> Live</span>. Provatelo, è veramente <em>realistico</em> ed <em>avvincente</em>, e non giocate solo a calcio, anche se siamo in Italia bisogna seguire e giocare (anche solo sullo schermo) a ciò che più ci piace.', '2017-05-20');


-- Dumping data for table `ESECUZIONE`
INSERT INTO `ESECUZIONE` (`IDGioco`, `IDPiattaforma`) VALUES
(12, 1),
(1, 2),
(5, 2),
(7, 2),
(9, 2),
(13, 2),
(1, 3),
(2, 3),
(4, 3),
(5, 3),
(7, 3),
(9, 3),
(10, 3),
(14, 3),
(3, 4),
(6, 4),
(12, 4),
(3, 5),
(6, 5),
(12, 5),
(1, 6),
(5, 6),
(7, 6),
(9, 6),
(13, 6),
(1, 7),
(2, 7),
(4, 7),
(5, 7),
(7, 7),
(9, 7),
(10, 7),
(14, 7),
(3, 8),
(3, 9),
(6, 9),
(8, 9),
(12, 9),
(6, 11),
(7, 11),
(8, 11),
(13, 11),
(1, 12),
(2, 12),
(4, 12),
(5, 12),
(9, 12),
(10, 12),
(11, 12),
(15, 2),
(15, 3),
(15, 6),
(15, 11);


-- Dumping data for table `GIOCO`
INSERT INTO `GIOCO` (`IDGioco`, `Titolo`, `TitoloOrdinamento`, `CoverExt`, `CoverDescr`, `Sviluppatore`, `AnnoUscita`, `SitoUfficiale`, `Pegi`) VALUES
(1, '<span lang="en"><abbr title="Grand Theft Auto">GTA</abbr></span> 5', 'GTA 5', 'jpg', 'Copertina di <span lang="en"><abbr title="Grand Theft Auto">GTA</abbr></span> 5 per <span lang="en"><abbr title="PlayStation">PS</abbr></span>4', '<span lang="en">Rockstar North</span>', 2013, 'http://www.rockstargames.com/V', '18+'),
(2, '<span lang="en">Overwatch</span>', 'Overwatch', 'png', 'Copertina di <span lang="en">Overwatch - Origins Edition</span> per <abbr title="Personal Computer">PC</abbr>', '<span lang="en">Blizzard Entertainment</span>', 2016, 'https://playoverwatch.com', '16+'),
(3, 'Paperino - Operazione Papero', 'Paperino - Operazione Papero', 'jpg', 'Copertina di Paperino - Operazione Papero per <span lang="en"><abbr title="PlayStation">PS</abbr></span>2', '<span lang="en">Ubisoft Entertainment</span>', 2000, 'ND', '3+'),
(4, '<span lang="en">Assassin&apos;s Creed: Syndicate</span>', 'Assassin&apos;s Creed: Syndicate', 'jpg', 'Copertina di <span lang="en">Assassin&apos;s Creed: Syndicate</span> per <span lang="en">Xbox One</span>', '<span lang="en">Ubisoft Entertainment</span>', 2015, 'http://assassinscreed.ubi.com/it-IT/games/assassins-creed-syndicate', '18+'),
(5, '<acronym title="Federation Internationale de Football Association">FIFA</acronym> 17', 'FIFA 17', 'png', 'Copertina di <acronym title="Federation Internationale de Football Association">FIFA</acronym> 17 per <span lang="en"><abbr title="PlayStation">PS</abbr></span>4', '<span lang="en"><abbr title="Electronic Arts">EA</abbr> Sports</span>', 2016, 'https://www.easports.com/it/fifa', '3+'),
(6, '<span lang="en">Diabolik: The Original Sin</span>', 'Diabolik: The Original Sin', 'jpg', 'Copertina di <span lang="en">Diabolik: The Original Sin</span> per <span lang="en"><abbr title="PlayStation">PS</abbr></span>2', 'Artematica', 2007, 'ND', '16+'),
(7, '<span lang="en">Devil May Cry</span> 4', 'Devil May Cry 4', 'jpg', 'Copertina di <span lang="en">Devil May Cry</span> 4 per <abbr title="Personal Computer">PC</abbr>', '<span lang="en">Capcom</span>', 2008, 'http://www.devilmaycry.com', '16+'),
(8, '<span lang="en">Age of Empires</span> 3: <span lang="en">Age of Discovery</span>', 'Age of Empires 3: Age of Discovery', 'jpg', 'Copertina di <span lang="en">Age of Empires</span> 3 per <abbr title="Personal Computer">PC</abbr>', '<span lang="en">Ensemble Studios</span>', 2005, 'https://www.ageofempires.com/games/aoeiii/', '12+'),
(9, '<span lang="en">Watch Dogs</span>', 'Watch Dogs', 'jpg', 'Copertina di <span lang="en">Watch Dogs</span> per <span lang="en"><abbr title="PlayStation">PS</abbr></span>3', '<span lang="en">Ubisoft Entertainment</span>', 2014, 'ND', '18+'),
(10, '<span lang="en">Watch Dogs</span> 2', 'Watch Dogs 2', 'jpg', 'Copertina di <span lang="en">Watch Dogs</span> 2 per <span lang="en">Xbox One</span>', '<span lang="en">Ubisoft Entertainment</span>', 2016, 'http://watchdogs.ubisoft.com/watchdogs', '18+'),
(11, '<span lang="en">The Sims</span> 4', 'The Sims 4', 'jpg', 'Copertina di <span lang="en">The Sims</span> 4 per <abbr title="Personal Computer">PC</abbr>', '<span lang="en">Electronic Arts</span>', 2014, 'https://www.thesims.com', '12+'),
(12, '<span lang="en">Colin McRae Rally</span> 3', 'Colin McRae Rally 3', 'jpg', 'Copertina di <span lang="en">Colin McRae Rally</span> 3 per <span lang="en"><abbr title="PlayStation">PS</abbr></span>2', '<span lang="en">Codemasters</span>', 2002, 'ND', '3+'),
(13, '<span lang="en">BioShock</span> 2', 'BioShock 2', 'jpg', 'Copertina di <span lang="en">BioShock</span> 2 per <span lang="en">Xbox</span> 360', '<span lang="en">2000 Marin</span>', 2010, 'http://www.bioshock2game.com', '18+'),
(14, '<span lang="en"><abbr title="National Basketball Association">NBA</abbr> Live</span> 16', 'NBA Live 16', 'jpg', 'Copertina di <span lang="en"><abbr title="National Basketball Association">NBA</abbr> Live</span> 16 per <span lang="en">Xbox One</span>', '<span lang="en"><abbr title="Electronic Arts">EA</abbr> Sports</span>', 2015, 'https://www.easports.com/nba-live', '3+'),
(15, '007 <span lang="en">Legends</span>', '007 Legends', 'jpg', 'Copertina di 007 <span lang="en">Legends</span> per <span lang="en"><abbr title="PlayStation">PS</abbr></span>3', '<span lang="en">Activision</span>', 2012, 'http://www.007.com', '16+');


-- Dumping data for table `RECENSIONE`
INSERT INTO `RECENSIONE` (`ID`, `Titolo`, `Contenuto`, `TempoLettura`, `Keywords`, `DescrizioneHTML`, `Autore`, `AutoreModifica`, `DataPubblicazione`, `DataModifica`) VALUES
(1, 'Continua la fama di <span lang="en"><abbr title="Grand Theft Auto">GTA</abbr></span>, anche questo capitolo vi terrà incollati davanti allo schermo', '<p><em><span lang="en">Rockstar</span></em> ha superato se stessa con una produzione fuori scala, con una cura per i dettagli e una quantità di contenuti che non conosce paragoni nel resto della <span lang="en">industry</span>. La base è questa, dunque: quella di cui vi parlo oggi è la versione aggiornata di un gioco da 10. E anzi, visto che con i numeri non sono mai andato d&apos;accordo, leviamoceli subito dai piedi. Questa versione aggiornata ha tutto quello che c&apos;era nell&apos;originale, non introduce <span lang="en">bug</span> o difetti, propone un po&apos; di contenuti in più e ha una grafica più al passo coi tempi.</p>\r\n<p>La novità più interessante è senza dubbio la possibilità di attivare la visuale in soggettiva, una funzione mai vista nella storia della serie. Badate, non si tratta di un semplice cambio di prospettiva, ma di una revisione globale delle meccaniche di sparo e movimento, con funzioni e animazioni dedicate. In un primo momento la visuale mi ha spiazzato, perché si stacca nettamente dagli standard degli <span lang="en"><abbr title="First Person Shooter">FPS</abbr></span>, che ci hanno abituato a velocità di movimento smodate, affermatesi in funzione di uno stile di <span lang="en">game design</span> che affonda le sue radici in <span lang="en">Quake</span>. Avete mai fatto caso alla corsa di <span lang="en">Call of Duty</span> e <span lang="en">Battlefield</span>? Non so voi, ma io per raggiungere quelle velocità nel mondo reale ho bisogno di un motorino. A parte gli scherzi, visto che <strong><span lang="en"><abbr title="Grand Theft Auto">GTA</abbr></span> 5</strong> nasce in terza persona, i movimenti in soggettiva devono rispettare i limiti di movimento e velocità della visuale predefinita. Per fare convivere due visuali diverse in modo coerente non basta spostare il punto di vista della telecamera.</p>\r\n<p>Voglio chiudere l&apos;articolo con un singolo dettaglio, che ho notato quasi per caso dieci minuti prima di iniziare a scrivere. Stavo guidando lungo l&apos;oceano, ascoltando i <span lang="en">Descendents</span> a tutto volume, quando ho notato che la testa del protagonista si stava muovendo a tempo di musica. Lo faceva anche nei precedenti titoli? Ho controllato, non lo faceva. Quanti dettagli microscopici come questo mi saranno sfuggiti? Sinceramente non ne ho idea, ma è chiaro come <em><span lang="en">Rockstar</span></em> abbia fatto molto di più di un <span lang="en">remaster</span> in <span lang="en"><abbr title="High Definition">HD</abbr></span>. Ha dato vita alla versione migliore di uno dei giochi più belli della scorsa generazione, a un <span lang="en">director&apos;s cut</span> libero dalle limitazioni tecniche del passato. <strong>Il <span lang="en"><abbr title="Grand Theft Auto">GTA</abbr></span> che verrà consegnato ai <em>libri di storia dei videogiochi</em> è questo.</strong></p>', 3, 'gta 5,recensione,rockstar north,2013,videogioco,review,game,Prism', 'Gli amanti dei giochi d&apos;azione e degli sparatutto non possono non aver mai provato un capitolo di questa serie. In caso contrario, provatelo.', 'admin', NULL, '2016-01-05', NULL),
(2, '<span lang="en">Overwatch</span>: Un gioco <span lang="en"><abbr title="First Person Shooter">FPS</abbr></span> che ti prende subito', '<p>Il gioco è ambientato sul pianeta Terra intorno all&apos;anno 2070 ma gli eventi della storia iniziarono una trentina d&apos;anni prima, intorno al 2040: negli anni la tecnologia è progredita molto e, tra i settori più avanzati, spiccava in particolare la robotica, con lo sviluppo di intelligenze artificiali realmente senzienti dette <em><span lang="en">omnic</span></em>, globalmente diffuse controllate da centri di informazioni definiti <em><span lang="en">omnium</span></em> che ne gestivano la costruzione, l&apos;evoluzione e l&apos;apprendimento.</p>\r\n<p>Dopo che la <strong><span lang="en">Omnica Corporation</span></strong>, l&apos;azienda manifatturiera degli <em><span lang="en">omnic</span></em> e degli <em><span lang="en">omnium</span></em> venne chiusa per frode, gli <em><span lang="en">omnium</span></em> vennero smantellati e lasciati a loro stessi, ma vennero misteriosamente risvegliati ed infettati dal &quot;<strong>Programma Dio</strong>&quot;: gli <em><span lang="en">omnium</span></em> quindi cominciarono a costruire nuovi <em><span lang="en">omnic</span></em> progettati e programmati a combattere gli umani, dando avvio ad una guerra civile planetaria definita la &quot;<strong>Crisi degli <span lang="en">Omnic</span></strong>&quot;. Per combatterli, le Nazioni Unite formarono un corpo d&apos;<span lang="fr">élite</span> chiamato <span lang="en">Overwatch</span>, composto dai migliori soldati del mondo oltre che da persone dotate di abilità particolari ed uniche che si misero a disposizione della pace. La <span lang="en">Overwatch</span> divenne presto una <span lang="en">task force</span> internazionale in costante crescita, osannata dalla popolazione e con altri compiti oltre al mantenimento della pace.</p>\r\n<p>Con la fine della Crisi però cominciarono a emergere tensioni fra i vertici di <span lang="en">Overwatch</span> e accuse esterne di corruzione, negligenza, abusi e altri misfatti screditarono l&apos;organizzazione, che si ritrovò divisa internamente e sotto indagine da parte delle Nazioni Unite. L&apos;inaspettata e sospetta esplosione del quartiere generale di <span lang="en">Overwatch</span> a Zurigo diede il colpo di grazia all&apos;organizzazione, che dopo trent&apos;anni dalla fondazione si sciolse.</p>\r\n<p>Vesti i panni di:</p>\r\n<ul>\r\n	<li><span lang="en">Winston</span></li>\r\n	<li><span lang="en">Reaper</span></li>\r\n	<li><abbr title="Professore">Prof.</abbr> <span lang="en">John</span> il distruttore</li>\r\n</ul>\r\n<p>Sconfiggi i nemici, tra cui:</p>\r\n<ol>\r\n	<li><span lang="en">Lady</span> <span lang="it">Anna</span> la sanguinaria</li>\r\n	<li>Il razziatore</li>\r\n	<li><span lang="es">Puerito</span> il desertico</li>\r\n</ol>\r\n<p>La scomparsa della <span lang="en">Overwatch</span> però segnò il ritorno di un vecchio nemico dell&apos;organizzazione: il gruppo terroristico paramilitare <span lang="en">Talon</span> che, puntando a sconvolgere nuovamente gli equilibri del mondo, riesce mediante una sua agente ad uccidere il maestro del gruppo di <em><span lang="en">omnic</span></em> dedito alla ricostruzione della pace. In seguito a ciò, e forse anche a causa di questo avvenimento, in Russia uno degli <em><span lang="en">omnium</span></em> viene riattivato scatenando la &quot;<strong>Seconda Crisi degli <span lang="en">Omnic</span></strong>&quot;. Viene inoltre attaccato il centro operativo di <span lang="en">Winston</span>, uno degli agenti di <span lang="en">Overwatch</span>, dal quale <span lang="en">Reaper</span> cerca di rubare dati sensibili sugli agenti di <span lang="en">Overwatch</span>, tuttavia senza riuscirci. Dopo questi avvenimenti, <span lang="en">Winston</span> decide che sia giunto il tempo che la vecchia squadra torni in azione e contatta gli agenti di <span lang="en">Overwatch</span>: <em>il mondo ha nuovamente bisogno di loro</em>.</p>', 4, 'overwatch,recensione,blizzard entertainment,2016,videogioco,review,game,Prism', 'Sparatutto in prima persona davvero rivoluzionario, armi futuristiche e una libertà di movimenti davvero impressionante.', 'admin', 'braveChronny', '2016-03-22', '2017-03-24'),
(3, 'Chi ama i videogiochi un po&apos; <span lang="fr">vintage</span>?', '<p>Paperino e Gastone sono a casa di Archimede per vedere in diretta il primo servizio di Paperina come inviata speciale. Paperina è riuscita ad infiltrarsi nel misterioso tempio del malvagio stregone <span lang="en">Merlock</span> per carpire i suoi piani diabolici, ma viene scoperta ed imprigionata. Paperino quindi si precipita immediatamente al salvataggio della sua fidanzata, utilizzando l&apos;ultima invenzione di Archimede: una sorta di porta spazio-temporale che però necessita di una certa quantità di energia per poter trasportare Paperino al tempio di <span lang="en">Merlock</span>, che l&apos;irascibile papero della <span lang="en">disney</span> dovrà recuperare attraversando diverse ambientazioni ed affrontando i suoi nemici di sempre:</p>\r\n<ul>\r\n	<li>la Banda Bassotti,</li>\r\n	<li>la strega Amelia,</li>\r\n	<li>e l&apos;enorme uccello <span lang="fr">Bernadette</span>.</li>\r\n</ul>\r\n<p>Per accedere ai livelli bisogna salire sulle pedane di teletrasporto nel laboratorio di Archimede e premere il tasto di conferma. In ognuno di essi bisogna poi localizzare dei globi di energia (sostituiti da pezzi di pedana raffiguranti i boss in alcune versioni) e riportarli al laboratorio salendo sulla pedana d&apos;uscita collocata alla fine del livello. Vi sono anche alcuni giocattoli di Qui, Quo e Qua nascosti e resi intangibili da dei libri di incantesimi, i quali devono essere colpiti per disattivarli temporaneamente e recuperare tali giocattoli (requisito necessario per il completamento al 100%). Una volta completato un livello per la prima volta, lo si può riaffrontare con una sfida a tempo in cui bisogna battere il record di Gastone (l&apos;equivalente delle &quot;<em>sfide delle reliquie</em>&quot; del videogioco <span lang="en">Crash Bandicoot</span>).</p>\r\n<p>Il giocatore ha inizialmente 5 vite a disposizione, e Paperino può essere colpito un massimo di due volte: il primo colpo lo fa semplicemente infuriare, permettendogli però di concentrare per breve tempo una scarica di pugni sui nemici circostanti, il secondo gli toglie una vita. Vite aggiuntive si possono ottenere raccogliendo le icone di Paperino o 100 stelle. Un altro potenziamento ottenibile è il <em><span lang="en">milk-shake</span></em>, che ha la proprietà di curare Paperino se è già stato colpito una volta oppure di renderlo temporaneamente invincibile.</p>\r\n<p>Un vero capolavoro della <strong><em><span lang="en">Ubisoft</span></em></strong>, non ci sono dubbi.</p>', 3, 'paperino - operazione papero,recensione,ubisoft entertainment,2000,videogioco,review,game,Prism', 'Vesti i panni dei personaggi di Paperopoli e affronta una fantastica avventura mozzafiato.', 'admin', 'AldoBiondo', '2016-05-11', '2016-12-30'),
(4, 'Altro capitolo, ancora più <span lang="en">stealth</span>', '<p>Inghilterra 1868, la storia segue le vicende di <span lang="en">Jacob</span> ed <span lang="en">Evie Frye</span> nel loro percorso all&apos;interno della criminalità organizzata nella Londra Vittoriana e nella loro lotta contro il potere costituito, controllato dai Templari. Essi all&apos;inizio, sotto ordine degli altri Assassini, uccisero rispettivamente <span lang="en">Rupert Ferris</span> (da parte di <span lang="en">Jacob</span>) e <span lang="en">David Brewster</span> (da parte di <span lang="en">Evie</span>). Durante lo scontro con <span lang="en">Brewster</span>, <span lang="en">Evie</span> scopre che i Templari hanno trovato due frutti del Paradiso, uno dei quali esplode alla fine della confessione dello scienziato. Terminati gli obiettivi, essi fuggono a Londra per strappare di mano il potere al <strong>Gran Maestro dei Templari</strong>, <span lang="en">Crawford Starrick</span>. Giunti nella metropoli conoscono lo straniero non comunitario <span lang="en">Henry Green</span> e l&apos;assassino direttore della filiale degli Assassini a Londra. <span lang="en">Jacob</span> decide subito di creare una <span lang="en">gang</span> chiamata &quot;<strong><span lang="en">Rooks</span></strong>&quot;, strappando poi <span lang="en">Whitechapel</span> dalle mani dei <span lang="en">Blighters</span>, la <span lang="en">gang</span> rivale. I fratelli <span lang="en">Frye</span> ottengono il quartiere uccidendo il luogotenente della zona, <span lang="en">Robert Kailock</span>, dal quale ottengono il treno ed una ferrovia, che istituiscono a quartiere generale.</p>\r\n<p><span lang="en">Jacob</span> ruba anche un prototipo di lancia-corda rotto e <span lang="en">Green</span> consiglia di andare a trovare un amico che potrebbe aiutarlo. Durante il tragitto, <span lang="en">Jacob</span> incontra <span lang="en">Charles Dickens</span>, che gli chiede di andare a trovarlo successivamente. L&apos;amico di <span lang="en">Green</span> è <em><span lang="en">Alexander Graham Bell</span></em>, il famoso inventore, il quale in poco tempo realizza una versione migliorata del lanciacorda, da inserire nella polsiera della lama celata. <span lang="en">Evie</span> lo utilizzerà poco dopo per aiutare <span lang="en">Bell</span> con la realizzazione di una nuova ditta di fonografi, in grado di emettere la voce umana; è proprio <span lang="en">Evie</span> a suggerire il nome: telefono. Ottenuto il lancia-corda <span lang="en">Jacob</span> viene a sapere di una droga che circola in città chiamata <em>Pozione Lenitiva</em>. L&apos;Assassino insegue uno spacciatore per scoprire che la droga viene da un magazzino situato nella zona del porto. Giunto lì incontra <em><span lang="en">Charles Darwin</span></em>, anch&apos;egli intento a fermare il circolo della pozione. Distrutto il magazzino, <span lang="en">Jacob</span> interroga un giornalista per scoprire chi è il produttore della droga che sembra provenire da un ospedale. In poco tempo <span lang="en">Jacob</span> giunge all&apos;ospedale per uccidere il Templare produttore della droga: <span lang="en">John Elliotson</span>, un chirurgo che esegue esperimenti inquietanti sui pazienti. <span lang="en">Jacob</span> uccide il dottore, che in punto di morte continua ad affermare che stesse facendo del bene, perché &quot;<em>ormai i tempi sono cambiati</em>&quot; e <span lang="en">Jacob</span> è &quot;<em>solo un ragazzo che crede ancora di poter aggiustare il mondo a colpi di spada</em>&quot;.</p>\r\n<p>Successivamente iniziano i primi conflitti tra i <span lang="en">Frye</span>: <span lang="en">Evie</span> accusa il fratello di dare troppa poca importanza alla <strong>Confraternita degli Assassini</strong>, mentre <span lang="en">Jacob</span> non sopporta che sua sorella sia eccessivamente ossessionata nel seguire le orme del padre e la prende in giro ironizzando sul rapporto che ha con <span lang="en">Henry Green</span>. Le due strade iniziano quindi a dividersi: <span lang="en">Evie</span> trova la chiave della cripta alla cattedrale di <span lang="en"><abbr title="Saint">St.</abbr> Paul</span>, ma le viene strappata da <span lang="en">Lucy Thorne</span> dopo un violento scontro, <span lang="en">Jacob</span> invece incontra <span lang="en">Pearl Attaway</span>, apparente alleata e socia in affari, ma successivamente si rivela nemica in quanto Templare e cugina di <span lang="en">Starrick</span>. L&apos;Assassino, quindi, si vede costretto a ucciderla; qui scoppia l&apos;ira di <span lang="en">Crawford</span>, deciso più che mai a vendicarsi. <span lang="en">Evie</span> si reca alla Torre di Londra e uccide <span lang="en">Lucy Thorne</span>; l&apos;occultista, in punto di morte, accenna a poteri straordinari e incredibili che la Sindone può avere, ma non ha intenzione di dire all&apos;Assassina di cosa si tratta realmente. <span lang="en">Jacob</span> invece è deciso a colpire le finanze di <span lang="en">Starrick</span> scoprendo che il suo banchiere, il signor <span lang="en">Twopenny</span>, nonché governatore della Banca d&apos;Inghilterra, effettua rapine nella sua banca per arricchirsi a scapito dei poveri. <span lang="en">Jacob</span> lo uccide proprio durante una rapina nella sede centrale della banca.</p>\r\n<p>Grazie all&apos;aiuto di <span lang="en">Duleep Singh</span>, <span lang="en">Evie</span> ed <span lang="en">Henry</span> scoprono che la Sindone si trova a <span lang="en">Buckingham Palace</span> all&apos;interno di una cripta e che i progetti del restauro che la evidenziano si trovano all&apos;interno dello stesso palazzo, ma la zona è vietata e <span lang="en">Evie</span> non può procedere da sola.</p>\r\n<p><span lang="en">Jacob</span> sa che <span lang="en">Starrick</span> ha un uomo nel Parlamento intento a uccidere il Primo Ministro. Grazie alla moglie di quest&apos;ultimo, scopre che l&apos;uomo che cerca è il Duca di <span lang="en">Cardigan</span>; si reca quindi nella sede del Parlamento e lo assassina.</p>\r\n<p>Dopo aver conquistato parte del territorio londinese, <span lang="en">Jacob</span> viene contattato da <span lang="en">Maxwell Roth</span>, una brillante mente criminale che pur essendo al servizio di <span lang="en">Starrick</span> nutre un forte desiderio di ucciderlo, chiede quindi aiuto all&apos;Assassino di collaborare. I due diventano effettivamente alleati (anche se <span lang="en">Roth</span> prova molto probabilmente ben più di una semplice ammirazione per <span lang="en">Jacob</span>), tuttavia, quest&apos;ultimo si accorgerà che <span lang="en">Maxwell</span> è in realtà un uomo rude che non prova pietà neanche per i bambini, tanto che pensa che per arrestare la produzione nelle officine di <span lang="en">Starrick</span> è necessario uccidere anche gli innocenti che vi lavorano. In seguito ad un invito ricevuto proprio da <span lang="en">Roth</span>, <span lang="en">Jacob</span> si reca al teatro e uccide il mentecatto che avrebbe voluto &quot;<em>mantenere il mondo nel suo stato di divina follia</em>&quot;.</p>\r\n<p>In seguito, <span lang="en">Evie</span> e <span lang="en">Jacob</span> hanno una brutta litigata poiché la prima odia il fatto di aver dovuto rimediare ai disastri di suo fratello mentre quest&apos;ultimo è stufo della sorella che continua a citare e affermare le teorie del padre; quando stanno per separarsi per sempre, <span lang="en">Henry Green</span> giunge con la notizia che la sera stessa ci sarà un ballo a <span lang="en">Buckingham Palace</span> e <span lang="en">Starrick</span> ha intenzione di rubare il <strong>Frutto del Paradiso</strong> approfittando dell&apos;occasione. I gemelli <span lang="en">Frye</span> devono collaborare per l&apos;ultima volta affinché ciò non accada. Dopo aver rubato gli inviti e la carrozza dei signori <span lang="en">Gladstone</span>, <span lang="en">Jacob</span> procura anche un&apos;uniforme da guardia reale ad <span lang="en">Abberline</span> affinché questo nasconda le armi che all&apos;interno del palazzo sono vietate. Durante il ballo <span lang="en">Evie</span> ruba i progetti nel <em>Salotto Bianco</em>, ma <span lang="en">Starrick</span> riesce a rubarle la chiave della cripta accedendo a quest&apos;ultima. Recuperate le armi, i gemelli lo raggiungono e dopo una dura battaglia, alla quale parteciperà anche <span lang="en">Green</span>, riescono a uccidere il Gran Maestro e a liberare Londra dal controllo dei Templari. <span lang="en">Jacob</span> e <span lang="en">Evie</span> si chiariscono e quest&apos;ultima diviene la moglie di <span lang="en">Henry Green</span>. <em>I tre Assassini vengono nominati <strong>Cavalieri</strong> dalla regina Vittoria in persona e promettono di proteggere sempre l&apos;Impero</em>.</p>', 9, 'assassin&apos;s creed: syndicate,recensione,ubisoft entertainment,2015,videogioco,review,game,Prism', 'Il nono capitolo della ormai celebre fama. Addentrarsi nel mondo degli assassini non è mai stato così mozzafiato.', 'admin', NULL, '2016-06-24', NULL),
(5, 'Siete più <span lang="en">fan</span> di <acronym title="Federation Internationale de Football Association">FIFA</acronym> o di <acronym title="Pro Evolution Soccer">PES</acronym>?', '<p>In questo titolo ci sono diverse novità: innanzitutto il passaggio al nuovo motore grafico <span lang="en">Frostbite Engine</span>, con movimenti migliorati e un realismo molto elevato. Da questa edizione è presente una nuova modalità, <em><strong>Il viaggio</strong> (in inglese &quot;<span lang="en">the journey</span>&quot;)</em>, in cui è possibile affrontare una carriera con un giocatore denominato <span lang="en">Alex Hunter</span> nella massima serie inglese. Inoltre sono stati apportati miglioramenti in molte altre modalità, compreso il gioco <span lang="en">online</span>. Sono state modificate l&apos;esecuzione di rimesse laterali e tutti i calci piazzati, in modo da renderle più semplici. Migliorate anche l&apos;intelligenza artificiale, il gioco fisico ed il controllo del pallone (che risulta più difficile a causa della fisicità del gioco della squadra avversaria, in modo che il possesso palla diventi più combattuto, in tutte le zone del campo). Tra i vari campionati presenti nel gioco sono stati aggiunti il campionato e la coppa nazionale ufficiale del <em>Giappone</em> e aggiornate molte licenze di vari <span lang="en">club</span>. Grande novità di questa edizione è la presenza in panchina degli allenatori, i quali hanno i volti reali (sono presenti solo gli allenatori della <span lang="en">Premier League</span>, di cui <acronym title="Federation Internationale de Football Association">FIFA</acronym> possiede i diritti ufficiali su tutte le società). È inoltre possibile creare un allenatore personalizzato anche in modalità carriera.</p>\r\n<p>Importanti campionati si possono svolgere in:</p>\r\n<ul>\r\n	<li>Australia</li>\r\n	<li>Germania</li>\r\n	<li>Inghilterra</li>\r\n	<li>Francia</li>\r\n	<li>Italia</li>\r\n	<li><abbr title="eccetera">ecc.</abbr> <abbr title="eccetera">ecc.</abbr></li>\r\n</ul>\r\n<p>Un calcio di rigore spesso può fare la differenza. Soprattutto se parliamo di videogiochi. Alzi la mano chi <strong>non ha mai sbagliato un tiro dagli 11 metri a <em><acronym title="Federation Internationale de Football Association">FIFA</acronym></em></strong>. Nessuno. E, come se non bastasse, nella nuova versione è diventato ancor più difficile indirizzare il pallone nello specchio della porta.</p>\r\n<p>Il risultato è garantito. In tutte le prove il portiere non riesce mai ad intercettare la sfera. Vi avevamo già raccontato di un metodo (quasi) infallibile per segnare da calcio d&apos;angolo. Ecco, adesso conoscete anche quello per tirare i rigori. In questo modo le palle inattive diventeranno il vostro pezzo forte.</p>', 3, 'fifa 17,recensione,ea sports,2016,videogioco,review,game,Prism', 'Per tutti gli appassionati di calcio e videogiochi. Il 2017 ha portato un ulteriore capitolo: sbizzaritevi.', 'admin', 'exAdmin', '2016-06-27', '2016-07-02'),
(6, 'Il nostro amico ladro <span lang="en">Diabolik</span> in azione', '<p><span lang="en">Monroe</span>, il duca di <span lang="en">Denvon</span>, un piccolo stato vicino a <span lang="en">Clerville</span>, affida al suo ultimo fidato amico e consigliere un oggetto apparentemente inutile: un fazzoletto. L&apos;uomo sostiene che esso è la chiave per un grandissimo segreto, che va protetto dal figlio <span lang="en">Goran</span>, che ha abbandonato la famiglia per dedicarsi alla carriera militare e progetta un <span lang="es">golpe</span> ai danni del padre. Infatti pochi giorni dopo il duca viene ucciso dai suoi uomini, ma quando <span lang="en">Goran</span> va in cerca del tesoro dei <span lang="en">Monroe</span> non lo trova: esso è stato nascosto in un luogo segreto, e poiché per assumere il potere su <span lang="en">Denvon</span> esso è necessario, <span lang="en">Goran</span> deve rintracciarlo. Nel frattempo, il consigliere del duca <span lang="en">Monroe</span> tenta di farsi aiutare da suo genero, un colonnello di <span lang="en">Goran</span>, che tuttavia rifiuta di assumersi le proprie responsabilità. Così l&apos;uomo consegna il misterioso fazzoletto a <span lang="en">Helena</span>, sua nipote, che lo nasconde nella sua cameretta.</p>\r\n<p>Eva, la compagna di <span lang="en">Diabolik</span>, si risveglia prigioniera in una cella, e tenta di liberarsi; quando sta per riuscire a evadere, una porta si apre e degli uomini di <span lang="en">Goran</span> la rispediscono dentro, gettandole addosso un cadavere. Eva scopre che quel cadavere indossa una delle loro maschere: gliela leva e scopre il volto del suo amato <span lang="en">Diabolik</span>: sarà davvero morto?</p>\r\n<p>La misteriosa organizzazione nota come <strong>Rosa Bianca</strong>, dietro la quale si cela <span lang="en">Goran</span>, ha rapito Eva, e ha spedito a <span lang="en">Diabolik</span> una lettera di ricatto: se vorrà rivedere viva la sua donna dovrà rubare un quadro intitolato <span lang="en">Original Sin</span>, che si trova su un treno in attesa di essere trasferito ad un museo straniero; <span lang="en">Diabolik</span>, con la sua abilità, è l&apos;unico in grado di impadronirsene. Grazie ai suoi trucchi, il ladro riesce in effetti a recuperare il quadro, ma quando sta per fuggire il treno esplode, e un gruppo di sicari gli toglie il quadro e getta il corpo di Eva in un lago, a ridosso di una centrale idroelettrica. <span lang="en">Diabolik</span> non perde tempo, e riesce a rintracciare la sua donna all&apos;interno della centrale; quando la trova, tuttavia, scopre che in realtà quella non è Eva, ma un&apos;altra donna, uccisa e mascherata in modo da somigliarle.</p>\r\n<p><span lang="en">Diabolik</span> torna quindi al suo rifugio, dove si cura e riesce a rintracciare l&apos;elicottero dei suoi nemici: esso, e forse Eva, si trovano quindi a <span lang="en">Denvon</span>. <span lang="en">Diabolik</span> parte per quel piccolo stato, ma quando sta per entrarci un ponte esplode e lui viene gravemente ferito nella deflagrazione. Fortunatamente viene aiutato da <span lang="en">Helena</span>, una giovane rivoltosa che gli rivela la verità: <span lang="en">Goran</span> cerca <span lang="en">Original Sin</span> perché esso racchiude una parte del segreto per giungere al tesoro. La ragazza che <span lang="en">Diabolik</span> ha trovato nella centrale idroelettrica era Caterina, sua sorella; per questo motivo la donna aiuta <span lang="en">Diabolik</span> a scappare e a raggiungere in mongolfiera il castello di <span lang="en">Goran</span>, dov&apos;è rinchiusa Eva. Grazie ad uno stratagemma riesce a trovarla e liberarla (il cadavere non era il suo, ma quello di una guardia da lui uccisa con indosso una doppia maschera), e i due tornano insieme al rifugio.</p>\r\n<p>Una volta a casa, <span lang="en">Diabolik</span> riceve un altro messaggio di <span lang="en">Goran</span>: Mentre la teneva prigioniera, egli ha iniettato a Eva un potente veleno che, se non curato con un antidoto, la ucciderà entro 5 ore. Per salvarla, <span lang="en">Diabolik</span> dovrà rubare anche il secondo <span lang="en">Original Sin</span>, conservato nella pinacoteca di <span lang="en">Clerville</span>. Grazie ad un piano astuto, nonché all&apos;aiuto dell&apos;ispettore <span lang="en">Ginko</span>, <span lang="en">Diabolik</span> ed Eva recuperano anche il secondo quadro, ma <span lang="en">Goran</span> non concede loro l&apos;antidoto: ha infatti bisogno di loro per localizzare il tesoro. <span lang="en">Ginko</span>, per impedire a <span lang="en">Diabolik</span> di non prendere il quadro <span lang="en">Original Sin</span> lascia una bomba dietro al quadro: nei panni del <span lang="en">detective</span> deve liberare tutte le porte e far uscire tutti: ma non tutti. Il ristorante esplode. <span lang="en">Diabolik</span> ed Eva fuggono e tornano a casa sua per localizzare i due quadri: <strong>l&apos;indizio è <em>sangue</em></strong>!</p>\r\n<p>Nel loro rifugio, <span lang="en">Diabolik</span> ed Eva riescono a capire il segreto dei due quadri: essi funzionano come una specie di mappa, che porta al <em>Monastero di <span lang="en">Denvon</span></em>. I due si recano lì, e vi trovano <span lang="en">Goran</span>, che tiene in ostaggio <span lang="en">Helena</span>. <span lang="en">Goran</span> uccide la ragazza, ma <span lang="en">Diabolik</span> riesce a recuperare l&apos;antidoto e a uccidere definitivamente <span lang="en">Goran</span>. Prima di morire, <span lang="en">Helena</span> rivela a <span lang="en">Diabolik</span> che la chiave per il tesoro è nascosta in una strana filastrocca ricamata sul fazzoletto che suo nonno le diede tanti anni prima: nei suoi versi si fa riferimento ad uno speciale codice per aprire la stanza del tesoro. <span lang="en">Diabolik</span> ed Eva portano via tutto il tesoro e scappano, mentre <span lang="en">Denvon</span>, libera dalla dittatura tirannica del terribile e infido <span lang="en">Goran</span>, può tornare a vivere.</p>', 6, 'diabolik: the original sin,recensione,artematica,2007,videogioco,review,game,Prism', 'Il celebre ladro con la sua fidata compagna Eva si cimentano in un&apos;altra avventura. Vesti i loro panni e aiutali nel loro intento diabolico.', 'SaraColler', 'SaraColler', '2016-08-14', '2016-10-19'),
(7, '<abbr title="Devil May Cry">DmC</abbr>: una sigla che ci riempie di emozioni', '<p>A Nero viene affidato il compito di catturare Dante e portarlo al cospetto dell&apos;<strong>Ordine</strong> al fine di rispondere per i suoi crimini a <span lang="en">Credo</span>, mentre <span lang="en">Kyrie</span> recupera il regalo fattole da Nero dalle macerie: una collana, che immediatamente indossa. Appena Nero, <span lang="en">Credo</span> e <span lang="en">Kyrie</span> escono dalla <em>Casa dell&apos;Opera</em> un&apos;orda di demoni comincia a devastare la città. <span lang="en">Credo</span> allontana <span lang="en">Kyrie</span> e raccomanda a Nero di stare attento mentre quest&apos;ultimo inizia ad uccidere i demoni. La ricerca di Dante porta Nero in una miniera, dove al di fuori di essa scopre un&apos;enorme porta, dalla quale esce il demone <span lang="en">Berial</span>. Dopo un lungo combattimento, nel quale i due avversari distruggono qualunque cosa intorno a loro, <span lang="en">Berial</span> rimane stupefatto di come un umano sia riuscito a sconfiggerlo, e nota anche il suo <em>braccio demoniaco</em>, ma è costretto a ritirarsi di nuovo al di là della porta. Nero arriva al <em>Castello di Fortuna</em>, dove incontra Gloria, un nuovo membro dell&apos;<strong>Ordine</strong>. Nero scopre che il castello è infestato da ogni sorta di demoni, anche da armature angeliche senzienti grazie alle energie demoniache. Nel cortile si scontrerà contro il demone <span lang="en">Bael</span>, che riuscirà a sconfiggere e a chiudere la porta dal quale era uscito prima che i suoi simili la varchino. Lungo la strada, un filmato rivela che <em>Sua Santità</em> è stato unito all&apos;anima di un demone al fine di farlo risorgere. Viene introdotto anche il personaggio di <span lang="en">Agnus</span>, il balbuziente scienziato e direttore della manipolazione del potere demoniaco dell&apos;<strong>Ordine</strong>.</p>\r\n<p>Alla fine, Nero trova nei sotterranei del <em>Castello di Fortuna</em> l&apos;ingresso alla struttura di ricerca di <span lang="en">Agnus</span>. Qui, viene rivelato che <span lang="en">Agnus</span> ha usato i resti della spada distrutta di <span lang="en">Vergil</span>, e il suo potere demoniaco per creare portali per il <em>Mondo dei Demoni</em> in tutta la città col fine di raccogliere energia demoniaca per l&apos;<strong>Ordine</strong>. Con un attacco a sorpresa, Nero viene ferito dagli <strong>Angeli Bianchi</strong> agli ordini di <span lang="en">Agnus</span>, e a quel punto qualcosa si risveglia dentro di lui, che ripristina la Spada, la quale vola dritta nella sua mano. Nero distrugge gli <strong>Angeli Bianchi</strong> di <span lang="en">Agnus</span> con l&apos;aiuto della Spada, e un&apos;intimidatoria aura spettrale dal colore blu demoniaco gli aleggia attorno prima che collassi esausto. <span lang="en">Agnus</span> ne approfitta per fuggire e riferire a <em>Sua Santità</em> del nuovo potere di Nero. Durante tale incontro <em>Sua Santità</em>, ora rigenerato, si rende conto che Nero rappresenta una minaccia per i loro piani e invia <span lang="en">Credo</span> a prendersi cura di lui, mentre Gloria prenderà il suo posto per inseguire Dante.</p>\r\n<p>Cambia personaggio tra:</p>\r\n<ol>\r\n	<li>Dante: l&apos;eterno paladino</li>\r\n	<li>Nero: l&apos;uomo dal braccio demoniaco</li>\r\n</ol>\r\n<p>Affronta chiunque ti ostacoli, fino al compimento della missione, momento in cui ti ritroverai faccia a faccia con <em>Sua Santità</em>.</p>\r\n<p>Infine Nero trova <em>Sua Santità</em>, con un enorme statua dalle fattezze di Sparda, che chiama <em>Il Salvatore</em>. <em>Sua Santità</em> rivela che solo la spada di Sparda, insieme al sangue dello stesso Sparda possono risvegliare <em>Il Salvatore</em> e scatenare l&apos;<strong>Inferno</strong>. Nero e <em>Sua Santità</em> combattono e <em>Sua Santità</em> usa <span lang="en">Kyrie</span> come scudo umano per distrarre Nero e catturarlo. Improvvisamente, <span lang="en">Credo</span>, dopo aver abbandonato la sua fede, arriva e tenta di soccorrere i due.</p>\r\n<p>Una volta completato il gioco, non è ancora finita! Ogni completamento del gioco ad una difficoltà maggiore sbloccherà una modalità ancora più difficile. Oltre a le modalità di base è possibile intraprendere le seguenti modalità:</p>\r\n<ul>\r\n	<li>Figlio di Sparda</li>\r\n	<li>Dante <em><span lang="en">must die</span></em></li>\r\n	<li><span lang="en">Hell or Heaven</span></li>\r\n	<li><span lang="en">Heaven or Heaven</span></li>\r\n	<li><span lang="en">Hell or Hell</span></li>\r\n</ul>\r\n<p>Tali modalità vanno via via aumentando di difficoltà. Provale tutte, e vedi se riesci a superare te stesso e le tue aspettative.</p>\r\n<p>Ti ringraziamo per aver letto la nostra recensione. Se vuoi dirci qualcosa, o aggiungere un tuo parere, dicci pure come la pensi con un commento.</p>', 5, 'devil may cry 4,recensione,capcom,2008,videogioco,review,game,Prism', 'Dante e Nero sono pronti a sconfiggere tutti i demoni e le bestie demoniache che li si pareranno davanti. Incrementa la difficoltà e metticela tutta.', 'exAdmin', NULL, '2016-09-13', NULL),
(8, 'Strategia e riflessione, oppure velocità e forza?', '<p>Come nei capitoli precedenti della serie, in <span lang="en">Age of Empires</span> 3 è presente una campagna in giocatore singolo divisa in capitoli, oltre alla modalità <strong>Schermaglia</strong>, analoga alle mappe casuali dei titoli precedenti. Molto sviluppata è la sezione <span lang="en">multiplayer</span> del gioco grazie al supporto di <span lang="en">Ensemble Studios Online</span>: la comunità conta diverse migliaia di giocatori.</p>\r\n<p>A differenza degli altri capitoli della serie, in <span lang="en">Age of Empires</span> 3 è presente la <em>Città Madre</em>, una schermata fissa ed esterna alla mappa di gioco vera e propria, da cui si possono ottenere spedizioni di risorse, unità e tecnologie che sono previste dalle carte spedizione. Il loro nome di <span lang="en">default</span> nelle schermaglie viene dalle città europee più potenti del periodo storico trattato dal gioco:</p>\r\n<ul>\r\n	<li>Siviglia per gli Spagnoli,</li>\r\n	<li>Londra per i Britannici,</li>\r\n	<li>Parigi per i Francesi,</li>\r\n	<li>Lisbona per i Portoghesi,</li>\r\n	<li>Amsterdam per gli Olandesi,</li>\r\n	<li>San Pietroburgo per i Russi,</li>\r\n	<li>Berlino per i Tedeschi,</li>\r\n	<li>Istanbul per gli Ottomani.</li>\r\n</ul>\r\n<p>Vi sono altre differenze con il precedente <span lang="en">Age of Empires</span> 2: <span lang="en">The Age of Kings</span>, oltre all&apos;introduzione della grafica in 3 dimensioni. Le risorse si riducono a tre (cibo, legna e denaro), vengono raccolte dai cittadini con i soliti metodi ma non è più necessario che questi facciano la spola per trasportarle ai centri di raccolta. È stata aggiunta una nuova componente, l&apos;esperienza, che aumenta con il progredire del gioco, e che permette, con la salita di livello della <em>Città Madre</em>, di incrementare la quantità di certe spedizioni.</p>\r\n<p>Sono disponibili nuovi edifici, come:</p>\r\n<ol>\r\n	<li>La <strong>base commerciale</strong>, molto importante per stringere alleanze con i nativi presenti sulla mappa e per ottenere risorse o esperienza;</li>\r\n	<li>Il <strong>recinto del bestiame</strong>, dove si può radunare il bestiame che in <span lang="en">Age of Empires</span> 3 non è costituito dalle sole pecore, ma anche dalle mucche e dai lama;</li>\r\n	<li>Il <strong>forte</strong>, simile al castello di <span lang="en">Age of Empires</span> 2 per la capacità di sparare palle di cannone contro i nemici, ha la capacità di creare ogni unità disponibile, abitanti ed artiglieria esclusi. È disponibile solo come spedizione inviata dalla <em>Città Madre</em>;</li>\r\n	<li>La <strong>fabbrica</strong>, potente edificio disponibile solo se inviato dalla <em>Città Madre</em>, che permette la produzione di risorse o artiglieria pesante in maniera automatica (la produzione di artiglieria si ferma se si è giunti al limite della popolazione, che è fissato a 200 unità).</li>\r\n</ol>', 3, 'age of empires 3: age of discovery,recensione,ensemble studios,2005,videogioco,review,game,Prism', 'Terzo capitolo dell&apos;epica saga di videogiochi basati sulla strategia di creare la propria civiltà, e riuscire a soggiogare gli altri.', 'SaraColler', 'admin', '2016-11-18', '2017-04-02'),
(9, '&quot;1984&quot; scritto da <span lang="en">George Orwell</span>: è diventato realtà', '<p>La <span lang="en">privacy</span>, il controllo e le informazioni sono la base su cui la trama si poggia, il vedere troppo per proteggere il prossimo. La <span lang="en">Blume</span>, infatti, non si limita alle telecamere per strada e ai dati, ma osserva ogni singola persona che abbia telefoni, <span lang="en">webcam</span> o altri dispositivi collegati alla rete in casa loro, cosa già vista nel romanzo 1984, dove ogni azione e parola veniva osservata. I temi sono molto attuali, ricollegandosi ai recenti avvenimenti che hanno visto l&apos;<span lang="en"><abbr title="National Security Agency">NSA</abbr></span> spiare milioni di chiamate, <span lang="en">email</span> e altro nello scandalo di <span lang="en">Datagate</span>. I cittadini più paranoici preferiscono vivere in provincia, dove il controllo della <span lang="en">Blume</span> sembra limitato, ma così non è. Nel mondo di <span lang="en">Watch Dogs</span> una singola informazione, un&apos;immagine o un filmato possono portare alla morte di centinaia di persone. Le informazioni valgono più della vita stessa, creando un circolo di violenza dove l&apos;obiettivo dei personaggi è, appunto, il possesso di dati sensibili.</p>\r\n<p><span lang="en">Aiden Pearce</span> e <span lang="en">Damien Brenks</span> organizzano un &quot;<em>colpo informatico</em>&quot; all&apos;albergo di lusso <span lang="fr">Merlaut</span>, ai danni di un gruppo di ricchi. Nel farlo trovano uno strano video criptato, ma poco prima di capirci qualcosa, i due vengono interrotti da un <span lang="en">hacker</span> che si intrufola nella rete, facendo scattare l&apos;allarme. La mafia li intercetta e decide di punirli: <span lang="en">Aiden</span>, in auto con i suoi due nipotini <span lang="en">Jackson</span> e <span lang="en">Lena</span>, è vittima di un agguato in una galleria, con conseguente morte della piccola. <span lang="en">Damien</span> viene invece rintracciato e reso storpio.</p>', 2, 'watch dogs,recensione,ubisoft entertainment,2014,videogioco,review,game,Prism', 'Spionaggio, controllo sulla vita delle persone, corruzione. Un&apos;avventura immersa in questi temi così attuali quanto intimidatori.', 'admin', 'SaraColler', '2016-12-28', '2017-03-12'),
(10, 'Per gli amanti di <span lang="en">Watch Dogs</span>, ma anche per chi non vi avesse ancora mai giocato', '<p>Il gioco è ambientato a <span lang="en">Saint Francisco</span> con tutte e sei le zone comprese quelle del porto. L&apos;<span lang="en">hacking</span>, elemento accusato dai giocatori essere troppo semplice nel primo capitolo, è stato rivisto, e permette di <em>operare <span lang="en">hacking</span> su qualsiasi oggetto elettronico</em>. Si può far squillare il telefono di una persona creando un diversivo, o fare la stessa cosa ma su più persone contemporaneamente. Inoltre sono stati inseriti molti elementi di <strong><span lang="fr">parkour</span></strong>. La libertà di gioco è stata migliorata permettendo di sfruttare al meglio la verticalità del gioco. L&apos;<span lang="en">hacking</span> inoltre è stato ampliato permettendo, a detta degli sviluppatori, di <em>completare il gioco senza uccidere <strong>nemmeno una persona</strong> ma solo stordendola per qualche minuto</em>. Infine è presente una modalità <span lang="en">online</span> cooperativa che permette di incontrare nella nostra partita un altro giocatore casuale e poter giocare con lui in cooperativa, o sfidarlo in alcune attività.</p>\r\n<p>I personaggi di <span lang="en">Watch Dogs</span> 2 sono:</p>\r\n<ul>\r\n	<li><em><strong><span lang="en">Marcus Holloway</span></strong></em>: è il protagonista del gioco.</li>\r\n	<li><em><strong><span lang="en">Horatio Curlin</span></strong></em>: morirà davanti agli occhi di <span lang="en">Marcus</span> per mano di un&apos;organizzazione ostile.</li>\r\n	<li><em><strong><span lang="en">Sitara Dhawan</span></strong></em>: è la <span lang="en">leader</span> del gruppo.</li>\r\n	<li><em><strong><span lang="en">Wrench</span></strong></em>: è il più brutale del gruppo.</li>\r\n	<li><em><strong><span lang="en">Josh</span></strong></em>: un ragazzo molto monotono.</li>\r\n</ul>\r\n<p>Nel complesso questo secondo titolo è stato acclamato sia dal pubblico sia dalla critica. Un degno <span lang="en">sequel</span> del precedente capitolo &quot;<em><span lang="en">Watch Dogs</span></em>&quot;.</p>', 2, 'watch dogs 2,recensione,ubisoft entertainment,2016,videogioco,review,game,Prism', 'Il gioco riprende le orme del precedente capitolo. Aggiunge più scelte e attività a completa discrezione del giocatore stesso.', 'AldoBiondo', NULL, '2017-01-07', NULL);
INSERT INTO `RECENSIONE` (`ID`, `Titolo`, `Contenuto`, `TempoLettura`, `Keywords`, `DescrizioneHTML`, `Autore`, `AutoreModifica`, `DataPubblicazione`, `DataModifica`) VALUES
(11, 'Quarto capitolo della celebre saga: <span lang="en">The Sims</span>', '<p><em><span lang="en">The Sims</span> 4</em> è stato annunciato il 6 maggio 2013 sul sito ufficiale di <span lang="en">Electronic Arts</span>. In concomitanza, il sito ufficiale del quarto capitolo di <span lang="en">The Sims</span> è stato reso attivo, reindirizzando al sito ufficiale della serie. Il 15 agosto <span lang="en">Electronic Arts</span> ha fornito un&apos;anteprima del gioco attraverso diversi <span lang="en">screenshot</span>. Un ulteriore anteprima è stata fornita durante il <span lang="en">Gamescom</span>, tenutosi il 20 agosto a Colonia in Germania.</p>\r\n<p>A differenza del predecessore <span lang="en">The Sims</span> 3, il quarto capitolo vede il ritorno nel <span lang="en">team</span> gli sviluppatori di <span lang="en">Maxis</span>, la casa ideatrice e produttrice dei primi due titoli. <span lang="en">Electronic Arts</span> ha inoltre confermato che il gioco richiederà processori meno potenti rispetto al predecessore per garantire buone prestazioni anche su <span lang="en">computer</span> economici.</p>\r\n<p>Il 25 luglio <span lang="en">Electronic Arts</span> ha presentato i requisiti minimi per poter utilizzare <span lang="en">The Sims</span> 4, chiarendo anche che non è necessaria una connessione ad <span lang="en">internet</span> permanente. È tuttavia necessario effettuare <em>il <span lang="en">login</span> su <strong><span lang="en">Origin</span></strong></em> e lasciare attivo il programma in <span lang="en">background</span> durante ogni sessione di gioco.</p>\r\n<p>Nel <span lang="en"><acronym title="Create A Sim">CAS</acronym></span> ci sono molte novità: non ci sono più le sezioni, ma i personaggi vengono modellati col <span lang="en">mouse</span>. È possibile modificare anche il viso con le stesse funzioni: si possono ritoccare gli zigomi, la mandibola, la larghezza del viso ed altre zone dettagliate, come gli occhi (comprese le pupille), il naso e la bocca. Sono disponibili vari tatuaggi, tipi di voce e sono stati introdotti anche i &quot;<strong>Tipi di <span lang="en">Look</span></strong>&quot;, cioè <span lang="en">look</span> già fatti che il personaggio può utilizzare direttamente. È stata aggiunta anche la possibilità di scegliere il modo di camminare del proprio personaggio, con vari stili possibili. Da adesso i movimenti dei personaggi sono più naturali ed &quot;umani&quot;, dato che è stata aumentata la fluidità dei personaggi. Ancora una volta ci sono i tratti della personalità e delle aspirazioni come nel precedente <span lang="en">The Sims</span> 3. Il 13 agosto 2014 viene distribuito al pubblico la versione di prova del <span lang="en"><acronym title="Create A Sim">CAS</acronym></span>; questa versione di prova, gratuita, può essere scaricata da <em><span lang="en">Origin</span></em>.</p>\r\n<p>Il gioco base offre tre mondi:</p>\r\n<ol>\r\n	<li><em><span lang="en">Creek</span></em></li>\r\n	<li><em><span lang="en">Oasis Spring</span></em></li>\r\n	<li><em><span lang="en">Newcrest</span></em></li>\r\n</ol>\r\n<p>Ogni mondo è diviso in cinque quartieri (eccetto <em><span lang="en">Newcrest</span></em> che è diviso in tre quartieri), ognuno con uno stile diverso. Lo scenario è assai modificabile: si potranno trasferire i personaggi da una zona all&apos;altra e modificare i lotti comunitari. Le aree pubbliche dei vicinati non rientrano nei lotti comunitari. Per passare da una zona all&apos;altra, si dovrà attendere un breve caricamento. Questa suddivisione in zone limitate, tuttavia, renderà possibile un&apos;ingente presenza di personaggi e di dettagli nella zona in cui si sta giocando, rendendo così l&apos;ambiente più vivo e ricco. Nel gioco base sono presenti due mondi nascosti, tra i quali ad uno si può accedere massimizzando l&apos;abilità di <strong>Manualità</strong>.</p>', 4, 'the sims 4,recensione,electronic arts,2014,videogioco,review,game,Prism', 'Simulatore di vita, personaggi a tutto tondo che nascono, vivono, si riproducono e muoiono, sviluppando interazioni sociali.', 'braveChronny', NULL, '2017-03-01', NULL),
(12, 'Migliorata la grafica e gli accessori, dimostra di essere un re del <span lang="en">rally</span>', '<p>In questo capitolo, uscito nel 2002 e considerato da molti il migliore della serie, primo per <span lang="en"><abbr title="PlayStation">PS</abbr></span>2, nella modalità campionato, si farà parte della squadra <span lang="en">Ford</span> nei panni di <span lang="en">Colin McRae</span> alla conquista del mondiale <span lang="en">rally</span> 2002. Oltre alle auto <span lang="en">Ford</span>, potremo utilizzare tutte le altre auto nella modalità <em>Percorsi</em>, dove inoltre potremo rivedere i <span lang="en">rally</span> già svolti e ripetere le varie tappe, che comprendono:</p>\r\n<ul>\r\n	<li>la Svezia, sotto la neve;</li>\r\n	<li>la Finlandia, umida e piena di salti da prendere in velocità;</li>\r\n	<li>la Grecia, un <span lang="en">rally</span> molto complesso a causa delle strade sconnesse;</li>\r\n	<li>gli Stati Uniti, un <span lang="en">rally</span> molto veloce;</li>\r\n	<li>il Giappone, il <span lang="en">rally</span> più difficile a causa delle strade asfaltate bagnate e fangose e sempre sotto fortissimi nubifragi;</li>\r\n	<li>la Spagna, il <span lang="en">rally</span> più semplice, su asfalto dove si può spesso tagliare le curve;</li>\r\n	<li>l&apos;Australia, <span lang="en">rally</span> caratterizzato da strade di ciottoli e strettoie in mezzo alle foreste;</li>\r\n	<li>la Gran Bretagna, <span lang="en">rally</span> su di un misto fra asfalto e ghiaia bagnata.</li>\r\n</ul>\r\n<p>Le novità in campo visivo ed uditivo sono notevoli, grazie ad un nuovo motore grafico più realistico adattato alla <span lang="en"><abbr title="PlayStation">PS</abbr></span>2, ed a un comparto audio di tutto rispetto. Inoltre i danni alle auto saranno più realistici che mai, poiché rispetto al vecchio capitolo, le auto potranno perdere tutte le ruote, perdere pezzi di carrozzeria, perdere i vetri ed addirittura accusare malfunzionamenti interni non poco gravi, che porteranno la nostra vettura a non funzionare per niente. E più disastri accadranno alla macchina, più sarà remota la possibilità di <strong>vincere le tappe <span lang="en">Rally</span></strong>.</p>\r\n<p>Bisogna completare le corse nelle diverse nazioni cercando di arrivare primi e guadagnando più punti possibile. Ogni tappa vinta, dà la possibilità di utilizzare un nuovo componente elaborato per poi utilizzarlo nelle successive gare.</p>', 3, 'colin mcrae rally 3,recensione,codemasters,2002,videogioco,review,game,Prism', 'Sali a bordo della tua vettura e sii il migliore su ogni percorso, dai più sterrati a quelli pieni di curve e tornanti.', 'AldoBiondo', 'braveChronny', '2017-03-03', '2017-03-05'),
(13, '<span lang="en">Big Daddy</span> è di nuovo tra noi, insieme alla propria Sorellina', '<p>Prima della caduta di <span lang="en">Rapture</span>, nel 1958, un antiquato modello di <em><span lang="en">Big Daddy</span></em> chiamato <strong>Soggetto Delta</strong> era impegnato nello scortare la propria <strong>Sorellina</strong>, <em><span lang="en">Eleanor Lamb</span></em>. Ma all&apos;improvviso la madre della bambina, l&apos;affermata psicologa <em><span lang="en">Sofia Lamb</span></em> interrompe la missione. Attraverso un plasmide in grado di ipnotizzare la vittima, spinge il soggetto Delta a spararsi sul posto.</p>\r\n<p>Contro ogni ragionevole previsione, il soggetto Delta si risveglia all&apos;<span lang="en">Adonis Luxury Resort</span> dieci anni dopo il suo presunto suicidio (quindi 8 anni dopo il primo <span lang="en">BioShock</span>). Essendo morto il fondatore di <span lang="en">Rapture</span>, la città è allo sbando ma non del tutto morta; anzi, vi è una tumultuosa corsa agli armamenti ed alle ricombinazioni ancora più spietata, mancando le sorelline e trovandosi conseguentemente sempre meno <strong><span lang="en">Adam</span></strong>. I ricombinanti, senza ormai alcuna guida, ingaggiano fra loro una lotta senza quartiere e si afferma in questo contesto <span lang="en">Sofia Lamb</span>, psicologa nonché avversaria in politica di <em><span lang="en">Andrew Ryan</span></em>, del quale aborriva la concezione individuale per la propria affermazione nella società. A suo tempo fu proprio <span lang="en">Ryan</span> ad invitarla a <span lang="en">Rapture</span> poiché molti dei suoi cittadini, comunque stressati da isolamento e ricombinazioni continue, chiedevano un sostegno psicologico. Da qui non ci volle molto sicché mezza città entrasse nell&apos;agenda pazienti della dottoressa. Una volta guadagnato abbastanza potere, <span lang="en">Sofia</span> sostituì la visione sfrenatamente individualista del suo predecessore con una collettivista incarnata nel culto della <strong>Famiglia di <span lang="en">Rapture</span></strong>, progettando un piano di rinascita sociale e quindi attraendo a sé una massa sempre maggiore di ricombinanti.</p>\r\n<p>Il primo impulso che Delta sente appena svegliatosi è quello di trovare la sua Sorellina, <span lang="en">Eleanor Lamb</span>. Questo perché gli appartenenti alla sua generazione di <span lang="en">Big Daddy</span> erano spinti alla protezione della propria Sorellina da un&apos;induzione psicologica che gli faceva provare sentimenti realmente paterni verso i soggetti che proteggevano. Ma qualcosa di oscuro si annida a <span lang="en">Rapture</span>: un&apos;agile e letale versione al femminile di un <span lang="en">Big Daddy</span>, la <em><span lang="en">Big Sister</span></em>, creata sulla base di una Sorellina ormai adolescente. Con la pubertà le sorelline rigettano il parassita dell&apos;<span lang="en">Adam</span> ma nelle loro vene scorrono ancora tracce dei plasmidi bellici che hanno assorbito durante l&apos;infanzia. Il risultato è un nemico potente, corazzato ed estremamente aggressivo. Fortunatamente Delta trova presto degli alleati nella sua ricerca, uno su tutti la dottoressa <em><span lang="de">Brigid Tenenbaum</span></em>. Dopo essere fuggita da <span lang="en">Rapture</span> con le sorelline guarite nel primo capitolo della serie, è ora tornata dopo aver sentito di improvvise sparizioni di bambine e ragazze dalle spiagge di tutto il mondo. Qualcuno sta ricreando le sorelline, o facendo qualcosa di peggio, e la <span lang="de">Tenenbaum</span> deve fermare tutto questo in quanto eredità delle atrocità che lei stessa commise (fu lei a creare le Sorelline) anni addietro e da cui si vuole riscattare. Ovviamente i sospetti ricadono sulla <span lang="en">Lamb</span> e la sua nuova misteriosa setta. E così dà appuntamento a Delta alla biglietteria della ferrovia <span lang="en">Atlantic Express</span>. Incredibilmente ad aiutare Delta c&apos;è anche la stessa <span lang="en">Eleanor</span>, ora cresciuta ed apparentemente guarita dal parassita che la rendeva una Sorellina, che sfrutta la connessione neurale tra lei ed il suo <span lang="en">Big Daddy</span> per parlargli ed aiutarlo.</p>\r\n<p>Alla biglietteria di questa ferrovia in disuso, Delta e la <span lang="de">Tenenbaum</span> si incontrano. La dottoressa spiega di come la <span lang="en">Lamb</span> abbia preso tutta <span lang="en">Rapture</span> sotto l&apos;abbraccio della sua cosiddetta <strong>famiglia</strong> e di come stia tramando qualcosa di terribile, il cui scopo rimane però del tutto oscuro. Di qualsiasi cosa si tratti, <span lang="en">Sofia Lamb</span> tiene sua figlia <span lang="en">Eleanor</span> segregata in un palazzo alla <span lang="fr">Fontaine</span> <span lang="en">Futuristics</span>, dall&apos;altra parte della città. Vuole aiutare Delta a patto che lui scongiuri i piani della <span lang="en">Lamb</span>, liberi le nuove Sorelline e dia pace all&apos;inferno di <span lang="en">Rapture</span> una volta per tutte. Così lo invia al museo <span lang="en">Ryan Amusement</span> da dove potrà prendere una ferrovia che lo avvicinerà alla sua destinazione e per fargli conoscere <span lang="en">Augustus Sinclair</span>, un uomo d&apos;affari di dubbia moralità che aveva investito molto nella ricerca sui plasmidi e, di fatto, inventore delle <em>Camere della Vita</em> che ha deciso di appoggiare la causa della <span lang="de">Tenenbaum</span>.</p>\r\n<p>Questa zona di locali è sotto il controllo di <em><span lang="en">Grace Holloway</span></em>, una cantante che si era schierata contro <span lang="en">Ryan</span> nel periodo della guerra contro <span lang="fr">Fontaine</span> e che quindi era stata mandata in rovina dal grande magnate. Da quel giorno è diventata una devota seguace della &quot;<em>famiglia</em>&quot; creata da <span lang="en">Sofia Lamb</span>, nella quale vede una vera e propria guida spirituale. Appena arrivato, Delta viene accolto da una schiera di cadaveri di <span lang="en">Big Daddy</span> e da un grande gruppo di <strong>Ricombinanti</strong> intenti a pregare di fronte all&apos;immagine di una farfalla (<em>il simbolo della &quot;<strong>Famiglia di <span lang="en">Rapture</span></strong>&quot;</em>). A quanto pare i <span lang="en">Big Daddy</span> non sono bene accetti in questa zona in quanto parte di quel meccanismo che schiavizzava le bambine. <span lang="en">Sinclair</span> aveva un albergo in questa zona che ora è stato preso dalla <em>Famiglia</em> come quartier generale per <span lang="en">Grace</span>. Lì si trova una chiave magnetica che apre il passaggio per la ferrovia verso il <span lang="en">Dionysus Park</span>, la prossima tappa. La strada per Delta non è facile, i Ricombinanti sono molti ed agguerriti. Raggiunto l&apos;ultimo piano del <span lang="en">Sinclair Deluxe</span>, un albergo un tempo di proprietà di <span lang="en">Sinclair</span> e ora diventato base della <span lang="en">Holloway</span>, Delta incontra la donna. Essa, protetta da uno spesso vetro, inizia a raccontare la sua storia: appena entrata nella Famiglia divenne subito una delle persone di fiducia della <span lang="en">Lamb</span> la quale, quando <span lang="en">Ryan</span> iniziò a darle la caccia per le sue idee ed il potere che stava acquisendo, le affidò sua figlia <span lang="en">Eleanor</span> mentre lei trovava un rifugio sicuro. Per un lungo periodo di tempo, <span lang="en">Grace</span> fu la tutrice di <span lang="en">Eleanor</span>, finché una notte non si svegliò e trovò che la bambina era stata rapita. Uscita a cercarla disperata, <span lang="en">Grace</span> vide <span lang="en">Eleanor</span>, pallida, con gli occhi gialli ed accanto al <em>Soggetto Delta</em>; era stata trasformata in una <em>Sorellina</em>. <span lang="en">Grace</span> cercò di riprenderla, ma Delta, seguendo il suo istinto di protezione, le fratturò la mandibola. Da allora <span lang="en">Grace</span> è vissuta nel rimorso e nell&apos;odio per i <span lang="en">Big Daddy</span>. Ma <span lang="en">Sofia</span> la perdonò e riuscì comunque a riavere sua figlia. Questo segnò ancora di più la devozione di <span lang="en">Grace</span>. Dopo aver raccontato la sua storia, la cantante porge a Delta la chiave magnetica della ferrovia e gli dice di ucciderla, finendo il lavoro che aveva iniziato anni prima (al giocatore la scelta se accontentarla o no). Ora Delta può procedere nella sua missione.</p>', 8, 'bioshock 2,recensione,2000 marin,2010,videogioco,review,game,Prism', 'Secondo capitolo ancora più avvincente. Impersona il Soggetto Delta e porta a compimento una volta per tutte la missione.', 'AldoBiondo', NULL, '2017-04-17', NULL),
(14, '<span lang="en"><abbr title="National Basketball Association">NBA</abbr> Live</span> 16 dedicato a tutti gli amanti del <span lang="en">basket</span>', '<p><span lang="en"><abbr title="National Basketball Association">NBA</abbr> Live</span> è una serie di videogiochi del genere sportivo sviluppati e prodotti dalla <span lang="en"><abbr title="Electronic Arts">EA</abbr> Sports</span>. Il suo principale concorrente nell&apos;ambito dei videogiochi di <span lang="en">basket</span> è la serie <span lang="en"><abbr title="National Basketball Association">NBA</abbr> 2000</span>.</p>\r\n<p>La serie è nata nel 1995 ed è proseguita fino al 2009. Dopo l&apos;uscita di <span lang="en"><abbr title="National Basketball Association">NBA</abbr> Live</span> 10, <span lang="en"><abbr title="Electronic Arts">EA</abbr></span> ha tentato di cambiare il nome alla serie con <em><span lang="en"><abbr title="National Basketball Association">NBA</abbr> Elite</span> 11</em>. Tuttavia, ciò non è stato accolto con un&apos;ottima pubblicità e i conseguenti problemi di sviluppo e <span lang="en">merchandising</span> ne hanno rallentato l&apos;uscita, finendo per cancellarlo. Nel novembre 2010, lo sviluppo del <span lang="en">franchise</span> passa da <span lang="en"><abbr title="Electronic Arts">EA</abbr></span> Canada (azienda sviluppatrice della serie <acronym title="Federation Internationale de Football Association">FIFA</acronym>) ad <span lang="en"><abbr title="Electronic Arts">EA</abbr> Tiburon</span>, con sede in Florida. Con l&apos;arrivo sul mercato delle <span lang="en">console</span> di ottava generazione di <span lang="en">Microsoft</span> e <span lang="en">Sony</span>, la serie ritorna finalmente negli scaffali nel 2013, dopo 4 anni di pausa, con <span lang="en"><abbr title="National Basketball Association">NBA</abbr> Live</span> 14.</p>\r\n<p>Come il titolo suggerisce, sono videogiochi dedicati al <span lang="en">basket</span> e più precisamente alla <span lang="en"><abbr title="National Basketball Association">NBA</abbr></span>, <em>il massimo campionato di <strong><span lang="en">basket</span> statunitense</strong></em>.</p>\r\n<p>I giochi permettono di svolgere:</p>\r\n<ul>\r\n	<li>Singole partite,</li>\r\n	<li><span lang="en">Playoff</span>,</li>\r\n	<li>Intere stagioni,</li>\r\n	<li>Effettuare allenamenti,</li>\r\n	<li>Giocare all&apos;<em><span lang="en">All-Star Game</span></em>.</li>\r\n</ul>\r\n<p>Nelle ultime versioni è anche disponibile la funzione <strong><span lang="en">Dynasty Mode</span></strong> nella quale è possibile mettersi nei panni di un allenatore di <span lang="en">basket</span>; giocando partite e gestendo i rapporti con lo <span lang="en">staff</span> e i giocatori.</p>\r\n<p>Infine è anche possibile creare un giocatore e farlo giocare in una squadra, ma anche modificarne altri già esistenti cambiandoli nella fisionomia e nel modo di vestirsi.</p>', 3, 'nba live 16,recensione,ea sports,2015,videogioco,review,game,Prism', 'Pallacanestro e Stati Uniti d&apos;America, una coppia perfetta ed avvincente. Provate anche voi a centrare il canestro.', 'braveChronny', 'SaraColler', '2017-05-20', '2017-05-20'),
(15, '<span lang="en">James Bond</span> è di nuovo in azione in un&apos;epica avventura', '<p>007 <span lang="en">Legends</span> è un videogioco di genere sparatutto in prima persona sviluppato da <span lang="en">Activision</span> e uscito nell&apos;ottobre 2012, ispirato al personaggio di <strong><span lang="en">James Bond</span></strong>.</p>\r\n<p>Dopo essere stato accidentalmente colpito da un proiettile dall&apos;agente sul campo <span lang="en">Eve</span>, <span lang="en">James Bond</span> si ritrova a ricordare cinque sue missioni vissute nei sei anni trascorsi dall&apos;ultimo film.</p>\r\n<p>Le missioni del gioco sono 27, di cui la seconda incentrata su un&apos;esercitazione e la prima missione inizia quando 007 si reca in una base militare in cui <em>Diavolo</em> sta conducendo un affare sporco con un&apos;altra organizzazione terroristica. <span lang="en">Bond</span> si traveste da sicario dell&apos;associazione a delinquere per poi, una volta iniziata la sparatoria, smascherarsi e nascondersi dietro i ripari, e dopo diverse esplosioni, riuscire ad abbattere con un lanciarazzi l&apos;elicottero nemico, e fuggire con un velivolo dopo aver distrutto la base avversaria. Il capitolo assomiglia molto al film <em><span lang="en">GoldenEye</span></em>, quando <span lang="en">Bond</span> distrugge la base di <span lang="en">Janus</span>, il sindacato criminale guidato dalla collega <span lang="en">Alec Trevelyan</span>, appena eliminato, e fugge in elicottero con Anna Fugazzi, bella programmatrice informatica che lo aveva aiutato a sgominare l&apos;associazione terroristica.</p>\r\n<p>Il gioco ha ricevuto giudizi generalmente positivi dalla critica: ad esempio, <span lang="en">GameSpot</span> ha assegnato al gioco il voto di 8,8 su 10. Invece <span lang="en">GameInformer</span> ha giudicato l&apos;opera con il punteggio di 8,5 su 10, leggermente meno di <span lang="en">GameSpot</span>. La storia è ritenuta ben orchestrata, tra combattimenti corpo a corpo, inseguimenti in auto e scontri a fuoco, e la grafica sembra essere una delle migliori nella serie videoludica di 007.</p>\r\n<p>L&apos;agente <span lang="en">James Bond</span>, del <acronym title="Secret Intelligence Service">SIS</acronym> britannico, viene informato del rapimento di una professoressa universitaria, <span lang="en">Jules Royn</span>, per mano di un&apos;organizzazione terroristica.</p>\r\n<p>L&apos;organizzazione terroristica è guidata da una spia del <abbr title="Komitet Gosudarstvennoj Bezopasnosti">KGB</abbr>, <em>Diavolo</em>, uno spietato criminale, che sta organizzando una vendetta personale verso 007 per la morte di <span lang="en">Max Zorin</span>, suo defunto mentore.</p>\r\n<p>Aiutato da Serena, una geologa, <span lang="en">Bond</span> ha un incarico delicato da eseguire: fermare <em>Diavolo</em> e i suoi tirapiedi prima che sia troppo tardi.</p>\r\n<p>Dopo inseguimenti, corpo a corpo e sparatorie, la professoressa universitaria <span lang="en">Jules Royn</span>, salvata da <span lang="en">Bond</span> tempo prima, si rivela una traditrice e viene affrontata e neutralizzata dall&apos;agente 007, che in seguito elimina anche <em>Diavolo</em>, riuscendo poi a distruggere il missile che il terrorista voleva far esplodere su Londra.</p>\r\n<p>Ci sono anche dei livelli speciali da affrontare, con meccaniche di gioco diverse, raggruppati in 4 parti.</p>\r\n<ol>\r\n	<li><ul>\r\n		<li>Nella prima parte ci si trova nella base di <span lang="es">Sanchez</span>. Inizialmente si controlla un elicottero, che spara sempre rivolto in avanti e deve evitare anche gli ostacoli come gli edifici alti. Maggiore è la velocità di volo, minore è la quota.</li>\r\n		<li>Quindi si controlla 007 a piedi, in maniera un po&apos; più complessa: per sparare occorre fermarsi, estrarre la pistola e puntarla nella direzione voluta, con rotazione a 360 gradi. I proiettili sono limitati ma si possono raccogliere ricariche.</li>\r\n		<li>A questo punto si torna all&apos;elicottero e bisogna riuscire a calarsi sull&apos;aereo di <span lang="es">Sanchez</span> in volo, per giungere alla seconda parte.</li>\r\n	</ul></li>\r\n	<li><ul>\r\n		<li>La parte successiva si svolge sulle acque della baia di <span lang="en">Miami</span>, inizialmente a nuoto. Gli avversari sono gommoni e sommozzatori armati di fiocine, che gli si possono sottrarre. I colpi dei gommoni si possono evitare immergendosi, ma la riserva d&apos;aria è limitata.</li>\r\n		<li><span lang="es">Sanchez</span> fa sci nautico (usando i piedi come sci, come nel film) agganciato con la fiocina a un idrovolante. Senza armi, si tratta di raggiungere l&apos;idrovolante, evitando gli ostacoli.</li>\r\n	</ul></li>\r\n	<li>Un&apos;altra parte è composta da una sparatoria in auto nel bel mezzo di un deserto, con la complicazione che spesso la luce del sole abbaglia il conducente e gli fa perdere temporaneamente il controllo del veicolo.</li>\r\n	<li>L&apos;ultima parte è l&apos;inseguimento finale, che avviene pilotando un enorme furgone, privo di armi ma in grado di spingere gli avversari fuori strada. Bisogna affrontare altri veicoli e furgoni analoghi, fino a raggiungere quello guidato da <span lang="es">Sanchez</span> in persona.</li>\r\n</ol>\r\n<p><span lang="en">Jules</span> riappare dal suo capo un anno dopo e tenta di ucciderlo. Si scopre che era stato sottoposta a lavaggio del cervello dai sovietici. Dopo essersi rimettessa in forma si reca insieme a <span lang="en">James Bond</span> ad uccidere <strong>l&apos;uomo dalla pistola d&apos;oro</strong>.</p>\r\n<p>Il personaggio di <span lang="en">Bond</span> con numero identificativo 007, numero in cui il doppio zero indica che ha licenza di uccidere, è un raffinato agente segreto del controspionaggio inglese.</p>', 6, '007 legends,recensione,activision,2012,videogioco,review,game,Prism', 'Vesti i panni di 007 e immergiti nelle intricate azioni di spionaggio che caratterizzano il celebre personaggio con la licenza di uccidere.', 'AldoBiondo', NULL, '2017-08-20', NULL);


-- Dumping data for table `UTENTE`
INSERT INTO `UTENTE` (`Email`, `Username`, `DataIscrizione`, `HashPassword`, `Administrator`, `Eliminato`) VALUES
('actioner.you@gmail.it', '4yourAction', '2016-09-27', '$2y$10$vuwdsCdCunZWTLEVb7I4ceWfxR8qOKFCP8iGbajgHpItUeq.8lVTO', 0, 0),
('andrea.verdi@gmail.com', 'AndreaVerdi', '2016-03-22', '$2y$10$vuwdsCdCunZWTLEVb7I4ceWfxR8qOKFCP8iGbajgHpItUeq.8lVTO', 0, 0),
('brave.92@libero.it', 'braveChronny', '2017-02-27', '$2y$10$vuwdsCdCunZWTLEVb7I4ceWfxR8qOKFCP8iGbajgHpItUeq.8lVTO', 1, 0),
('cj.assassin@libero.it', 'CarlJohnson', '2017-04-12', '$2y$10$vuwdsCdCunZWTLEVb7I4ceWfxR8qOKFCP8iGbajgHpItUeq.8lVTO', 0, 0),
('double.jimmy@hotmail.it', 'DoubleJimmy_88', '2016-02-10', '$2y$10$vuwdsCdCunZWTLEVb7I4ceWfxR8qOKFCP8iGbajgHpItUeq.8lVTO', 0, 0),
('gigi@gmail.com', 'gigi89', '2017-01-26', '$2y$10$vuwdsCdCunZWTLEVb7I4ceWfxR8qOKFCP8iGbajgHpItUeq.8lVTO', 0, 0),
('giorgia.alan@hotmail.it', 'giorgi90.minna', '2017-04-02', '$2y$10$vuwdsCdCunZWTLEVb7I4ceWfxR8qOKFCP8iGbajgHpItUeq.8lVTO', 0, 0),
('jenny.biasutti@hotmail.it', 'jenny-biasut', '2016-08-13', '$2y$10$vuwdsCdCunZWTLEVb7I4ceWfxR8qOKFCP8iGbajgHpItUeq.8lVTO', 0, 0),
('john117@gmail.it', 'john_117', '2016-11-28', '$2y$10$vuwdsCdCunZWTLEVb7I4ceWfxR8qOKFCP8iGbajgHpItUeq.8lVTO', 0, 0),
('lisa.ardu24@hotmail.com', 'LisaArdu', '2017-03-16', '$2y$10$vuwdsCdCunZWTLEVb7I4ceWfxR8qOKFCP8iGbajgHpItUeq.8lVTO', 0, 0),
('lucy.baes66@gmail.com', 'LucyDestroyer', '2016-04-21', '$2y$10$vuwdsCdCunZWTLEVb7I4ceWfxR8qOKFCP8iGbajgHpItUeq.8lVTO', 1, 1),
('luca.DeBianchi@domain.subdomain.it', 'lukeWhite', '2017-02-28', '$2y$10$vuwdsCdCunZWTLEVb7I4ceWfxR8qOKFCP8iGbajgHpItUeq.8lVTO', 0, 0),
('panda.blacky@gmail.com', 'Mantra.BlackPanda', '2016-06-06', '$2y$10$vuwdsCdCunZWTLEVb7I4ceWfxR8qOKFCP8iGbajgHpItUeq.8lVTO', 0, 0),
('max.jake00@gmail.com', 'max_4-joke', '2017-04-20', '$2y$10$vuwdsCdCunZWTLEVb7I4ceWfxR8qOKFCP8iGbajgHpItUeq.8lVTO', 0, 0),
('paolo.rossi@hotmail.com', 'PaoloRossi', '2017-04-02', '$2y$10$vuwdsCdCunZWTLEVb7I4ceWfxR8qOKFCP8iGbajgHpItUeq.8lVTO', 0, 0),
('rick.kidd@yahoo.it', 'rick-TheKidd', '2017-05-12', '$2y$10$vuwdsCdCunZWTLEVb7I4ceWfxR8qOKFCP8iGbajgHpItUeq.8lVTO', 0, 0),
('roxy56@hotmail.it', 'RoxyBreaker', '2016-07-20', '$2y$10$vuwdsCdCunZWTLEVb7I4ceWfxR8qOKFCP8iGbajgHpItUeq.8lVTO', 0, 0),
('sara.coller@gmail.it', 'SaraColler', '2016-07-23', '$2y$10$vuwdsCdCunZWTLEVb7I4ceWfxR8qOKFCP8iGbajgHpItUeq.8lVTO', 1, 0),
('original.founder1252@yahoo.com', 'TheFounder', '2016-12-08', '$2y$10$vuwdsCdCunZWTLEVb7I4ceWfxR8qOKFCP8iGbajgHpItUeq.8lVTO', 0, 0),
('fra.tonni78@hotmail.com', 'theTooner_Joy', '2017-04-29', '$2y$10$vuwdsCdCunZWTLEVb7I4ceWfxR8qOKFCP8iGbajgHpItUeq.8lVTO', 0, 0),
('the.jackal790@gmail.it', 'Toona.YourJackal', '2016-03-15', '$2y$10$vuwdsCdCunZWTLEVb7I4ceWfxR8qOKFCP8iGbajgHpItUeq.8lVTO', 0, 0),
('trak.tor90R@mail.it', 'TractorrR', '2016-04-12', '$2y$10$vuwdsCdCunZWTLEVb7I4ceWfxR8qOKFCP8iGbajgHpItUeq.8lVTO', 0, 0),
('val18@gml.com', 'valdimir', '2016-02-13', '$2y$10$vuwdsCdCunZWTLEVb7I4ceWfxR8qOKFCP8iGbajgHpItUeq.8lVTO', 0, 0),
('brak.bread@geel.it', 'Woodeex', '2017-03-05', '$2y$10$vuwdsCdCunZWTLEVb7I4ceWfxR8qOKFCP8iGbajgHpItUeq.8lVTO', 0, 0),
('valencia-Z@ruf.com', 'z0rr0', '2017-02-10', '$2y$10$vuwdsCdCunZWTLEVb7I4ceWfxR8qOKFCP8iGbajgHpItUeq.8lVTO', 0, 0);


-- FAKE DATA:
-- dati falsi, utili solo a mostrare la paginazione
-- Users:
INSERT INTO UTENTE (Email, Username, DataIscrizione, HashPassword, Administrator, Eliminato) VALUES 
('pop.esempio@example.com', 'pop_esempio', '2017-01-01', '$2y$10$vuwdsCdCunZWTLEVb7I4ceWfxR8qOKFCP8iGbajgHpItUeq.8lVTO', True, False);
-- Content:
INSERT INTO `APPARTENENZA` (`IDGioco`, `IDGenere`) VALUES
(16, 12), (17, 12), (18, 12), (19, 12), (20, 12), (21, 12), (22, 12), (23, 12), (24, 12), (25, 12), (26, 12), (27, 12), (28, 12), (29, 12), (30, 12), (31, 12), (32, 12), (33, 12), (34, 12), (35, 12), (36, 12), (37, 12), (38, 12), (39, 12), (40, 12), (41, 12), (42, 12), (43, 12), (44, 12), (45, 12), (46, 12), (47, 12), (48, 12), (49, 12), (50, 12), (51, 12), (52, 12), (53, 12), (54, 12), (55, 12), (56, 12), (57, 12), (58, 12), (59, 12), (60, 12), (61, 12), (62, 12), (63, 12), (64, 12), (65, 12), (66, 12), (67, 12), (68, 12), (69, 12), (70, 12), (71, 12), (72, 12), (73, 12), (74, 12), (75, 12), (76, 12), (77, 12), (78, 12), (79, 12), (80, 12), (81, 12), (82, 12), (83, 12), (84, 12), (85, 12), (86, 12), (87, 12), (88, 12), (89, 12), (90, 12), (91, 12), (92, 12), (93, 12), (94, 12), (95, 12), (96, 12), (97, 12), (98, 12), (99, 12);
INSERT INTO `ESECUZIONE` (`IDGioco`, `IDPiattaforma`) VALUES
(16, 3), (17, 3), (18, 3), (19, 3), (20, 3), (21, 3), (22, 3), (23, 3), (24, 3), (25, 3), (26, 3), (27, 3), (28, 3), (29, 3), (30, 3), (31, 3), (32, 3), (33, 3), (34, 3), (35, 3), (36, 3), (37, 3), (38, 3), (39, 3), (40, 3), (41, 3), (42, 3), (43, 3), (44, 3), (45, 3), (46, 3), (47, 3), (48, 3), (49, 3), (50, 3), (51, 3), (52, 3), (53, 3), (54, 3), (55, 3), (56, 3), (57, 3), (58, 3), (59, 3), (60, 3), (61, 3), (62, 3), (63, 3), (64, 3), (65, 3), (66, 3), (67, 3), (68, 3), (69, 3), (70, 3), (71, 3), (72, 3), (73, 3), (74, 3), (75, 3), (76, 3), (77, 3), (78, 3), (79, 3), (80, 3), (81, 3), (82, 3), (83, 3), (84, 3), (85, 3), (86, 3), (87, 3), (88, 3), (89, 3), (90, 3), (91, 3), (92, 3), (93, 3), (94, 3), (95, 3), (96, 3), (97, 3), (98, 3), (99, 3);
INSERT INTO `GIOCO` (`IDGioco`, `Titolo`, `TitoloOrdinamento`, `CoverExt`, `CoverDescr`, `Sviluppatore`, `AnnoUscita`, `SitoUfficiale`, `Pegi`) VALUES
(16, 'z00 - esempio (con commenti)', 'z00 - esempio (con commenti)', 'jpg', 'Esempio copertina', 'Esempio sviluppatore', 1970, 'http://www.example.com', '3+'),
(17, 'z01 - esempio', 'z01 - esempio', 'jpg', 'Esempio copertina', 'Esempio sviluppatore', 1970, 'http://www.example.com', '3+'),
(18, 'z02 - esempio', 'z02 - esempio', 'jpg', 'Esempio copertina', 'Esempio sviluppatore', 1970, 'http://www.example.com', '3+'),
(19, 'z03 - esempio', 'z03 - esempio', 'jpg', 'Esempio copertina', 'Esempio sviluppatore', 1970, 'http://www.example.com', '3+'),
(20, 'z04 - esempio', 'z04 - esempio', 'jpg', 'Esempio copertina', 'Esempio sviluppatore', 1970, 'http://www.example.com', '3+'),
(21, 'z05 - esempio', 'z05 - esempio', 'jpg', 'Esempio copertina', 'Esempio sviluppatore', 1970, 'http://www.example.com', '3+'),
(22, 'z06 - esempio', 'z06 - esempio', 'jpg', 'Esempio copertina', 'Esempio sviluppatore', 1970, 'http://www.example.com', '3+'),
(23, 'z07 - esempio', 'z07 - esempio', 'jpg', 'Esempio copertina', 'Esempio sviluppatore', 1970, 'http://www.example.com', '3+'),
(24, 'z08 - esempio', 'z08 - esempio', 'jpg', 'Esempio copertina', 'Esempio sviluppatore', 1970, 'http://www.example.com', '3+'),
(25, 'z09 - esempio', 'z09 - esempio', 'jpg', 'Esempio copertina', 'Esempio sviluppatore', 1970, 'http://www.example.com', '3+'),
(26, 'z10 - esempio', 'z10 - esempio', 'jpg', 'Esempio copertina', 'Esempio sviluppatore', 1970, 'http://www.example.com', '3+'),
(27, 'z11 - esempio', 'z11 - esempio', 'jpg', 'Esempio copertina', 'Esempio sviluppatore', 1970, 'http://www.example.com', '3+'),
(28, 'z12 - esempio', 'z12 - esempio', 'jpg', 'Esempio copertina', 'Esempio sviluppatore', 1970, 'http://www.example.com', '3+'),
(29, 'z13 - esempio', 'z13 - esempio', 'jpg', 'Esempio copertina', 'Esempio sviluppatore', 1970, 'http://www.example.com', '3+'),
(30, 'z14 - esempio', 'z14 - esempio', 'jpg', 'Esempio copertina', 'Esempio sviluppatore', 1970, 'http://www.example.com', '3+'),
(31, 'z15 - esempio', 'z15 - esempio', 'jpg', 'Esempio copertina', 'Esempio sviluppatore', 1970, 'http://www.example.com', '3+'),
(32, 'z16 - esempio', 'z16 - esempio', 'jpg', 'Esempio copertina', 'Esempio sviluppatore', 1970, 'http://www.example.com', '3+'),
(33, 'z17 - esempio', 'z17 - esempio', 'jpg', 'Esempio copertina', 'Esempio sviluppatore', 1970, 'http://www.example.com', '3+'),
(34, 'z18 - esempio', 'z18 - esempio', 'jpg', 'Esempio copertina', 'Esempio sviluppatore', 1970, 'http://www.example.com', '3+'),
(35, 'z19 - esempio', 'z19 - esempio', 'jpg', 'Esempio copertina', 'Esempio sviluppatore', 1970, 'http://www.example.com', '3+'),
(36, 'z20 - esempio', 'z20 - esempio', 'jpg', 'Esempio copertina', 'Esempio sviluppatore', 1970, 'http://www.example.com', '3+'),
(37, 'z21 - esempio', 'z21 - esempio', 'jpg', 'Esempio copertina', 'Esempio sviluppatore', 1970, 'http://www.example.com', '3+'),
(38, 'z22 - esempio', 'z22 - esempio', 'jpg', 'Esempio copertina', 'Esempio sviluppatore', 1970, 'http://www.example.com', '3+'),
(39, 'z23 - esempio', 'z23 - esempio', 'jpg', 'Esempio copertina', 'Esempio sviluppatore', 1970, 'http://www.example.com', '3+'),
(40, 'z24 - esempio', 'z24 - esempio', 'jpg', 'Esempio copertina', 'Esempio sviluppatore', 1970, 'http://www.example.com', '3+'),
(41, 'z25 - esempio', 'z25 - esempio', 'jpg', 'Esempio copertina', 'Esempio sviluppatore', 1970, 'http://www.example.com', '3+'),
(42, 'z26 - esempio', 'z26 - esempio', 'jpg', 'Esempio copertina', 'Esempio sviluppatore', 1970, 'http://www.example.com', '3+'),
(43, 'z27 - esempio', 'z27 - esempio', 'jpg', 'Esempio copertina', 'Esempio sviluppatore', 1970, 'http://www.example.com', '3+'),
(44, 'z28 - esempio', 'z28 - esempio', 'jpg', 'Esempio copertina', 'Esempio sviluppatore', 1970, 'http://www.example.com', '3+'),
(45, 'z29 - esempio', 'z29 - esempio', 'jpg', 'Esempio copertina', 'Esempio sviluppatore', 1970, 'http://www.example.com', '3+'),
(46, 'z30 - esempio', 'z30 - esempio', 'jpg', 'Esempio copertina', 'Esempio sviluppatore', 1970, 'http://www.example.com', '3+'),
(47, 'z31 - esempio', 'z31 - esempio', 'jpg', 'Esempio copertina', 'Esempio sviluppatore', 1970, 'http://www.example.com', '3+'),
(48, 'z32 - esempio', 'z32 - esempio', 'jpg', 'Esempio copertina', 'Esempio sviluppatore', 1970, 'http://www.example.com', '3+'),
(49, 'z33 - esempio', 'z33 - esempio', 'jpg', 'Esempio copertina', 'Esempio sviluppatore', 1970, 'http://www.example.com', '3+'),
(50, 'z34 - esempio', 'z34 - esempio', 'jpg', 'Esempio copertina', 'Esempio sviluppatore', 1970, 'http://www.example.com', '3+'),
(51, 'z35 - esempio', 'z35 - esempio', 'jpg', 'Esempio copertina', 'Esempio sviluppatore', 1970, 'http://www.example.com', '3+'),
(52, 'z36 - esempio', 'z36 - esempio', 'jpg', 'Esempio copertina', 'Esempio sviluppatore', 1970, 'http://www.example.com', '3+'),
(53, 'z37 - esempio', 'z37 - esempio', 'jpg', 'Esempio copertina', 'Esempio sviluppatore', 1970, 'http://www.example.com', '3+'),
(54, 'z38 - esempio', 'z38 - esempio', 'jpg', 'Esempio copertina', 'Esempio sviluppatore', 1970, 'http://www.example.com', '3+'),
(55, 'z39 - esempio', 'z39 - esempio', 'jpg', 'Esempio copertina', 'Esempio sviluppatore', 1970, 'http://www.example.com', '3+'),
(56, 'z40 - esempio', 'z40 - esempio', 'jpg', 'Esempio copertina', 'Esempio sviluppatore', 1970, 'http://www.example.com', '3+'),
(57, 'z41 - esempio', 'z41 - esempio', 'jpg', 'Esempio copertina', 'Esempio sviluppatore', 1970, 'http://www.example.com', '3+'),
(58, 'z42 - esempio', 'z42 - esempio', 'jpg', 'Esempio copertina', 'Esempio sviluppatore', 1970, 'http://www.example.com', '3+'),
(59, 'z43 - esempio', 'z43 - esempio', 'jpg', 'Esempio copertina', 'Esempio sviluppatore', 1970, 'http://www.example.com', '3+'),
(60, 'z44 - esempio', 'z44 - esempio', 'jpg', 'Esempio copertina', 'Esempio sviluppatore', 1970, 'http://www.example.com', '3+'),
(61, 'z45 - esempio', 'z45 - esempio', 'jpg', 'Esempio copertina', 'Esempio sviluppatore', 1970, 'http://www.example.com', '3+'),
(62, 'z46 - esempio', 'z46 - esempio', 'jpg', 'Esempio copertina', 'Esempio sviluppatore', 1970, 'http://www.example.com', '3+'),
(63, 'z47 - esempio', 'z47 - esempio', 'jpg', 'Esempio copertina', 'Esempio sviluppatore', 1970, 'http://www.example.com', '3+'),
(64, 'z48 - esempio', 'z48 - esempio', 'jpg', 'Esempio copertina', 'Esempio sviluppatore', 1970, 'http://www.example.com', '3+'),
(65, 'z49 - esempio', 'z49 - esempio', 'jpg', 'Esempio copertina', 'Esempio sviluppatore', 1970, 'http://www.example.com', '3+'),
(66, 'z50 - esempio', 'z50 - esempio', 'jpg', 'Esempio copertina', 'Esempio sviluppatore', 1970, 'http://www.example.com', '3+'),
(67, 'z51 - esempio', 'z51 - esempio', 'jpg', 'Esempio copertina', 'Esempio sviluppatore', 1970, 'http://www.example.com', '3+'),
(68, 'z52 - esempio', 'z52 - esempio', 'jpg', 'Esempio copertina', 'Esempio sviluppatore', 1970, 'http://www.example.com', '3+'),
(69, 'z53 - esempio', 'z53 - esempio', 'jpg', 'Esempio copertina', 'Esempio sviluppatore', 1970, 'http://www.example.com', '3+'),
(70, 'z54 - esempio', 'z54 - esempio', 'jpg', 'Esempio copertina', 'Esempio sviluppatore', 1970, 'http://www.example.com', '3+'),
(71, 'z55 - esempio', 'z55 - esempio', 'jpg', 'Esempio copertina', 'Esempio sviluppatore', 1970, 'http://www.example.com', '3+'),
(72, 'z56 - esempio', 'z56 - esempio', 'jpg', 'Esempio copertina', 'Esempio sviluppatore', 1970, 'http://www.example.com', '3+'),
(73, 'z57 - esempio', 'z57 - esempio', 'jpg', 'Esempio copertina', 'Esempio sviluppatore', 1970, 'http://www.example.com', '3+'),
(74, 'z58 - esempio', 'z58 - esempio', 'jpg', 'Esempio copertina', 'Esempio sviluppatore', 1970, 'http://www.example.com', '3+'),
(75, 'z59 - esempio', 'z59 - esempio', 'jpg', 'Esempio copertina', 'Esempio sviluppatore', 1970, 'http://www.example.com', '3+'),
(76, 'z60 - esempio', 'z60 - esempio', 'jpg', 'Esempio copertina', 'Esempio sviluppatore', 1970, 'http://www.example.com', '3+'),
(77, 'z61 - esempio', 'z61 - esempio', 'jpg', 'Esempio copertina', 'Esempio sviluppatore', 1970, 'http://www.example.com', '3+'),
(78, 'z62 - esempio', 'z62 - esempio', 'jpg', 'Esempio copertina', 'Esempio sviluppatore', 1970, 'http://www.example.com', '3+'),
(79, 'z63 - esempio', 'z63 - esempio', 'jpg', 'Esempio copertina', 'Esempio sviluppatore', 1970, 'http://www.example.com', '3+'),
(80, 'z64 - esempio', 'z64 - esempio', 'jpg', 'Esempio copertina', 'Esempio sviluppatore', 1970, 'http://www.example.com', '3+'),
(81, 'z65 - esempio', 'z65 - esempio', 'jpg', 'Esempio copertina', 'Esempio sviluppatore', 1970, 'http://www.example.com', '3+'),
(82, 'z66 - esempio', 'z66 - esempio', 'jpg', 'Esempio copertina', 'Esempio sviluppatore', 1970, 'http://www.example.com', '3+'),
(83, 'z67 - esempio', 'z67 - esempio', 'jpg', 'Esempio copertina', 'Esempio sviluppatore', 1970, 'http://www.example.com', '3+'),
(84, 'z68 - esempio', 'z68 - esempio', 'jpg', 'Esempio copertina', 'Esempio sviluppatore', 1970, 'http://www.example.com', '3+'),
(85, 'z69 - esempio', 'z69 - esempio', 'jpg', 'Esempio copertina', 'Esempio sviluppatore', 1970, 'http://www.example.com', '3+'),
(86, 'z70 - esempio', 'z70 - esempio', 'jpg', 'Esempio copertina', 'Esempio sviluppatore', 1970, 'http://www.example.com', '3+'),
(87, 'z71 - esempio', 'z71 - esempio', 'jpg', 'Esempio copertina', 'Esempio sviluppatore', 1970, 'http://www.example.com', '3+'),
(88, 'z72 - esempio', 'z72 - esempio', 'jpg', 'Esempio copertina', 'Esempio sviluppatore', 1970, 'http://www.example.com', '3+'),
(89, 'z73 - esempio', 'z73 - esempio', 'jpg', 'Esempio copertina', 'Esempio sviluppatore', 1970, 'http://www.example.com', '3+'),
(90, 'z74 - esempio', 'z74 - esempio', 'jpg', 'Esempio copertina', 'Esempio sviluppatore', 1970, 'http://www.example.com', '3+'),
(91, 'z75 - esempio', 'z75 - esempio', 'jpg', 'Esempio copertina', 'Esempio sviluppatore', 1970, 'http://www.example.com', '3+'),
(92, 'z76 - esempio', 'z76 - esempio', 'jpg', 'Esempio copertina', 'Esempio sviluppatore', 1970, 'http://www.example.com', '3+'),
(93, 'z77 - esempio', 'z77 - esempio', 'jpg', 'Esempio copertina', 'Esempio sviluppatore', 1970, 'http://www.example.com', '3+'),
(94, 'z78 - esempio', 'z78 - esempio', 'jpg', 'Esempio copertina', 'Esempio sviluppatore', 1970, 'http://www.example.com', '3+'),
(95, 'z79 - esempio', 'z79 - esempio', 'jpg', 'Esempio copertina', 'Esempio sviluppatore', 1970, 'http://www.example.com', '3+'),
(96, 'z80 - esempio', 'z80 - esempio', 'jpg', 'Esempio copertina', 'Esempio sviluppatore', 1970, 'http://www.example.com', '3+'),
(97, 'z81 - esempio', 'z81 - esempio', 'jpg', 'Esempio copertina', 'Esempio sviluppatore', 1970, 'http://www.example.com', '3+'),
(98, 'z82 - esempio', 'z82 - esempio', 'jpg', 'Esempio copertina', 'Esempio sviluppatore', 1970, 'http://www.example.com', '3+'),
(99, 'z83 - esempio', 'z83 - esempio', 'jpg', 'Esempio copertina', 'Esempio sviluppatore', 1970, 'http://www.example.com', '3+');
INSERT INTO `RECENSIONE` (`ID`, `Titolo`, `Contenuto`, `TempoLettura`, `Keywords`, `DescrizioneHTML`, `Autore`, `AutoreModifica`, `DataPubblicazione`, `DataModifica`) VALUES
(16, 'Esempio titolo recensione (con commenti)', '<p>Questa è solo una <strong>recensione esempio</strong>.</p><p>Il suo unico scopo è di aumentare la popolazione del database per permettere di avere una paginazione completa.</p>', 1, 'z00 - esempio (con commenti),recensione,esempio sviluppatore,1970,videogioco,review,game,Prism', 'Esempio descrizione recensione', 'pop_esempio', NULL, '2017-01-01', NULL),
(17, 'Esempio titolo recensione', '<p>Questa è solo una <strong>recensione esempio</strong>.</p><p>Il suo unico scopo è di aumentare la popolazione del database per permettere di avere una paginazione completa.</p>', 1, 'z01 - esempio,recensione,esempio sviluppatore,1970,videogioco,review,game,Prism', 'Esempio descrizione recensione', 'pop_esempio', NULL, '2017-01-01', NULL),
(18, 'Esempio titolo recensione', '<p>Questa è solo una <strong>recensione esempio</strong>.</p><p>Il suo unico scopo è di aumentare la popolazione del database per permettere di avere una paginazione completa.</p>', 1, 'z02 - esempio,recensione,esempio sviluppatore,1970,videogioco,review,game,Prism', 'Esempio descrizione recensione', 'pop_esempio', NULL, '2017-01-01', NULL),
(19, 'Esempio titolo recensione', '<p>Questa è solo una <strong>recensione esempio</strong>.</p><p>Il suo unico scopo è di aumentare la popolazione del database per permettere di avere una paginazione completa.</p>', 1, 'z03 - esempio,recensione,esempio sviluppatore,1970,videogioco,review,game,Prism', 'Esempio descrizione recensione', 'pop_esempio', NULL, '2017-01-01', NULL),
(20, 'Esempio titolo recensione', '<p>Questa è solo una <strong>recensione esempio</strong>.</p><p>Il suo unico scopo è di aumentare la popolazione del database per permettere di avere una paginazione completa.</p>', 1, 'z04 - esempio,recensione,esempio sviluppatore,1970,videogioco,review,game,Prism', 'Esempio descrizione recensione', 'pop_esempio', NULL, '2017-01-01', NULL),
(21, 'Esempio titolo recensione', '<p>Questa è solo una <strong>recensione esempio</strong>.</p><p>Il suo unico scopo è di aumentare la popolazione del database per permettere di avere una paginazione completa.</p>', 1, 'z05 - esempio,recensione,esempio sviluppatore,1970,videogioco,review,game,Prism', 'Esempio descrizione recensione', 'pop_esempio', NULL, '2017-01-01', NULL),
(22, 'Esempio titolo recensione', '<p>Questa è solo una <strong>recensione esempio</strong>.</p><p>Il suo unico scopo è di aumentare la popolazione del database per permettere di avere una paginazione completa.</p>', 1, 'z06 - esempio,recensione,esempio sviluppatore,1970,videogioco,review,game,Prism', 'Esempio descrizione recensione', 'pop_esempio', NULL, '2017-01-01', NULL),
(23, 'Esempio titolo recensione', '<p>Questa è solo una <strong>recensione esempio</strong>.</p><p>Il suo unico scopo è di aumentare la popolazione del database per permettere di avere una paginazione completa.</p>', 1, 'z07 - esempio,recensione,esempio sviluppatore,1970,videogioco,review,game,Prism', 'Esempio descrizione recensione', 'pop_esempio', NULL, '2017-01-01', NULL),
(24, 'Esempio titolo recensione', '<p>Questa è solo una <strong>recensione esempio</strong>.</p><p>Il suo unico scopo è di aumentare la popolazione del database per permettere di avere una paginazione completa.</p>', 1, 'z08 - esempio,recensione,esempio sviluppatore,1970,videogioco,review,game,Prism', 'Esempio descrizione recensione', 'pop_esempio', NULL, '2017-01-01', NULL),
(25, 'Esempio titolo recensione', '<p>Questa è solo una <strong>recensione esempio</strong>.</p><p>Il suo unico scopo è di aumentare la popolazione del database per permettere di avere una paginazione completa.</p>', 1, 'z09 - esempio,recensione,esempio sviluppatore,1970,videogioco,review,game,Prism', 'Esempio descrizione recensione', 'pop_esempio', NULL, '2017-01-01', NULL),
(26, 'Esempio titolo recensione', '<p>Questa è solo una <strong>recensione esempio</strong>.</p><p>Il suo unico scopo è di aumentare la popolazione del database per permettere di avere una paginazione completa.</p>', 1, 'z10 - esempio,recensione,esempio sviluppatore,1970,videogioco,review,game,Prism', 'Esempio descrizione recensione', 'pop_esempio', NULL, '2017-01-01', NULL),
(27, 'Esempio titolo recensione', '<p>Questa è solo una <strong>recensione esempio</strong>.</p><p>Il suo unico scopo è di aumentare la popolazione del database per permettere di avere una paginazione completa.</p>', 1, 'z11 - esempio,recensione,esempio sviluppatore,1970,videogioco,review,game,Prism', 'Esempio descrizione recensione', 'pop_esempio', NULL, '2017-01-01', NULL),
(28, 'Esempio titolo recensione', '<p>Questa è solo una <strong>recensione esempio</strong>.</p><p>Il suo unico scopo è di aumentare la popolazione del database per permettere di avere una paginazione completa.</p>', 1, 'z12 - esempio,recensione,esempio sviluppatore,1970,videogioco,review,game,Prism', 'Esempio descrizione recensione', 'pop_esempio', NULL, '2017-01-01', NULL),
(29, 'Esempio titolo recensione', '<p>Questa è solo una <strong>recensione esempio</strong>.</p><p>Il suo unico scopo è di aumentare la popolazione del database per permettere di avere una paginazione completa.</p>', 1, 'z13 - esempio,recensione,esempio sviluppatore,1970,videogioco,review,game,Prism', 'Esempio descrizione recensione', 'pop_esempio', NULL, '2017-01-01', NULL),
(30, 'Esempio titolo recensione', '<p>Questa è solo una <strong>recensione esempio</strong>.</p><p>Il suo unico scopo è di aumentare la popolazione del database per permettere di avere una paginazione completa.</p>', 1, 'z14 - esempio,recensione,esempio sviluppatore,1970,videogioco,review,game,Prism', 'Esempio descrizione recensione', 'pop_esempio', NULL, '2017-01-01', NULL),
(31, 'Esempio titolo recensione', '<p>Questa è solo una <strong>recensione esempio</strong>.</p><p>Il suo unico scopo è di aumentare la popolazione del database per permettere di avere una paginazione completa.</p>', 1, 'z15 - esempio,recensione,esempio sviluppatore,1970,videogioco,review,game,Prism', 'Esempio descrizione recensione', 'pop_esempio', NULL, '2017-01-01', NULL),
(32, 'Esempio titolo recensione', '<p>Questa è solo una <strong>recensione esempio</strong>.</p><p>Il suo unico scopo è di aumentare la popolazione del database per permettere di avere una paginazione completa.</p>', 1, 'z16 - esempio,recensione,esempio sviluppatore,1970,videogioco,review,game,Prism', 'Esempio descrizione recensione', 'pop_esempio', NULL, '2017-01-01', NULL),
(33, 'Esempio titolo recensione', '<p>Questa è solo una <strong>recensione esempio</strong>.</p><p>Il suo unico scopo è di aumentare la popolazione del database per permettere di avere una paginazione completa.</p>', 1, 'z17 - esempio,recensione,esempio sviluppatore,1970,videogioco,review,game,Prism', 'Esempio descrizione recensione', 'pop_esempio', NULL, '2017-01-01', NULL),
(34, 'Esempio titolo recensione', '<p>Questa è solo una <strong>recensione esempio</strong>.</p><p>Il suo unico scopo è di aumentare la popolazione del database per permettere di avere una paginazione completa.</p>', 1, 'z18 - esempio,recensione,esempio sviluppatore,1970,videogioco,review,game,Prism', 'Esempio descrizione recensione', 'pop_esempio', NULL, '2017-01-01', NULL),
(35, 'Esempio titolo recensione', '<p>Questa è solo una <strong>recensione esempio</strong>.</p><p>Il suo unico scopo è di aumentare la popolazione del database per permettere di avere una paginazione completa.</p>', 1, 'z19 - esempio,recensione,esempio sviluppatore,1970,videogioco,review,game,Prism', 'Esempio descrizione recensione', 'pop_esempio', NULL, '2017-01-01', NULL),
(36, 'Esempio titolo recensione', '<p>Questa è solo una <strong>recensione esempio</strong>.</p><p>Il suo unico scopo è di aumentare la popolazione del database per permettere di avere una paginazione completa.</p>', 1, 'z20 - esempio,recensione,esempio sviluppatore,1970,videogioco,review,game,Prism', 'Esempio descrizione recensione', 'pop_esempio', NULL, '2017-01-01', NULL),
(37, 'Esempio titolo recensione', '<p>Questa è solo una <strong>recensione esempio</strong>.</p><p>Il suo unico scopo è di aumentare la popolazione del database per permettere di avere una paginazione completa.</p>', 1, 'z21 - esempio,recensione,esempio sviluppatore,1970,videogioco,review,game,Prism', 'Esempio descrizione recensione', 'pop_esempio', NULL, '2017-01-01', NULL),
(38, 'Esempio titolo recensione', '<p>Questa è solo una <strong>recensione esempio</strong>.</p><p>Il suo unico scopo è di aumentare la popolazione del database per permettere di avere una paginazione completa.</p>', 1, 'z22 - esempio,recensione,esempio sviluppatore,1970,videogioco,review,game,Prism', 'Esempio descrizione recensione', 'pop_esempio', NULL, '2017-01-01', NULL),
(39, 'Esempio titolo recensione', '<p>Questa è solo una <strong>recensione esempio</strong>.</p><p>Il suo unico scopo è di aumentare la popolazione del database per permettere di avere una paginazione completa.</p>', 1, 'z23 - esempio,recensione,esempio sviluppatore,1970,videogioco,review,game,Prism', 'Esempio descrizione recensione', 'pop_esempio', NULL, '2017-01-01', NULL),
(40, 'Esempio titolo recensione', '<p>Questa è solo una <strong>recensione esempio</strong>.</p><p>Il suo unico scopo è di aumentare la popolazione del database per permettere di avere una paginazione completa.</p>', 1, 'z24 - esempio,recensione,esempio sviluppatore,1970,videogioco,review,game,Prism', 'Esempio descrizione recensione', 'pop_esempio', NULL, '2017-01-01', NULL),
(41, 'Esempio titolo recensione', '<p>Questa è solo una <strong>recensione esempio</strong>.</p><p>Il suo unico scopo è di aumentare la popolazione del database per permettere di avere una paginazione completa.</p>', 1, 'z25 - esempio,recensione,esempio sviluppatore,1970,videogioco,review,game,Prism', 'Esempio descrizione recensione', 'pop_esempio', NULL, '2017-01-01', NULL),
(42, 'Esempio titolo recensione', '<p>Questa è solo una <strong>recensione esempio</strong>.</p><p>Il suo unico scopo è di aumentare la popolazione del database per permettere di avere una paginazione completa.</p>', 1, 'z26 - esempio,recensione,esempio sviluppatore,1970,videogioco,review,game,Prism', 'Esempio descrizione recensione', 'pop_esempio', NULL, '2017-01-01', NULL),
(43, 'Esempio titolo recensione', '<p>Questa è solo una <strong>recensione esempio</strong>.</p><p>Il suo unico scopo è di aumentare la popolazione del database per permettere di avere una paginazione completa.</p>', 1, 'z27 - esempio,recensione,esempio sviluppatore,1970,videogioco,review,game,Prism', 'Esempio descrizione recensione', 'pop_esempio', NULL, '2017-01-01', NULL),
(44, 'Esempio titolo recensione', '<p>Questa è solo una <strong>recensione esempio</strong>.</p><p>Il suo unico scopo è di aumentare la popolazione del database per permettere di avere una paginazione completa.</p>', 1, 'z28 - esempio,recensione,esempio sviluppatore,1970,videogioco,review,game,Prism', 'Esempio descrizione recensione', 'pop_esempio', NULL, '2017-01-01', NULL),
(45, 'Esempio titolo recensione', '<p>Questa è solo una <strong>recensione esempio</strong>.</p><p>Il suo unico scopo è di aumentare la popolazione del database per permettere di avere una paginazione completa.</p>', 1, 'z29 - esempio,recensione,esempio sviluppatore,1970,videogioco,review,game,Prism', 'Esempio descrizione recensione', 'pop_esempio', NULL, '2017-01-01', NULL),
(46, 'Esempio titolo recensione', '<p>Questa è solo una <strong>recensione esempio</strong>.</p><p>Il suo unico scopo è di aumentare la popolazione del database per permettere di avere una paginazione completa.</p>', 1, 'z30 - esempio,recensione,esempio sviluppatore,1970,videogioco,review,game,Prism', 'Esempio descrizione recensione', 'pop_esempio', NULL, '2017-01-01', NULL),
(47, 'Esempio titolo recensione', '<p>Questa è solo una <strong>recensione esempio</strong>.</p><p>Il suo unico scopo è di aumentare la popolazione del database per permettere di avere una paginazione completa.</p>', 1, 'z31 - esempio,recensione,esempio sviluppatore,1970,videogioco,review,game,Prism', 'Esempio descrizione recensione', 'pop_esempio', NULL, '2017-01-01', NULL),
(48, 'Esempio titolo recensione', '<p>Questa è solo una <strong>recensione esempio</strong>.</p><p>Il suo unico scopo è di aumentare la popolazione del database per permettere di avere una paginazione completa.</p>', 1, 'z32 - esempio,recensione,esempio sviluppatore,1970,videogioco,review,game,Prism', 'Esempio descrizione recensione', 'pop_esempio', NULL, '2017-01-01', NULL),
(49, 'Esempio titolo recensione', '<p>Questa è solo una <strong>recensione esempio</strong>.</p><p>Il suo unico scopo è di aumentare la popolazione del database per permettere di avere una paginazione completa.</p>', 1, 'z33 - esempio,recensione,esempio sviluppatore,1970,videogioco,review,game,Prism', 'Esempio descrizione recensione', 'pop_esempio', NULL, '2017-01-01', NULL),
(50, 'Esempio titolo recensione', '<p>Questa è solo una <strong>recensione esempio</strong>.</p><p>Il suo unico scopo è di aumentare la popolazione del database per permettere di avere una paginazione completa.</p>', 1, 'z34 - esempio,recensione,esempio sviluppatore,1970,videogioco,review,game,Prism', 'Esempio descrizione recensione', 'pop_esempio', NULL, '2017-01-01', NULL),
(51, 'Esempio titolo recensione', '<p>Questa è solo una <strong>recensione esempio</strong>.</p><p>Il suo unico scopo è di aumentare la popolazione del database per permettere di avere una paginazione completa.</p>', 1, 'z35 - esempio,recensione,esempio sviluppatore,1970,videogioco,review,game,Prism', 'Esempio descrizione recensione', 'pop_esempio', NULL, '2017-01-01', NULL),
(52, 'Esempio titolo recensione', '<p>Questa è solo una <strong>recensione esempio</strong>.</p><p>Il suo unico scopo è di aumentare la popolazione del database per permettere di avere una paginazione completa.</p>', 1, 'z36 - esempio,recensione,esempio sviluppatore,1970,videogioco,review,game,Prism', 'Esempio descrizione recensione', 'pop_esempio', NULL, '2017-01-01', NULL),
(53, 'Esempio titolo recensione', '<p>Questa è solo una <strong>recensione esempio</strong>.</p><p>Il suo unico scopo è di aumentare la popolazione del database per permettere di avere una paginazione completa.</p>', 1, 'z37 - esempio,recensione,esempio sviluppatore,1970,videogioco,review,game,Prism', 'Esempio descrizione recensione', 'pop_esempio', NULL, '2017-01-01', NULL),
(54, 'Esempio titolo recensione', '<p>Questa è solo una <strong>recensione esempio</strong>.</p><p>Il suo unico scopo è di aumentare la popolazione del database per permettere di avere una paginazione completa.</p>', 1, 'z38 - esempio,recensione,esempio sviluppatore,1970,videogioco,review,game,Prism', 'Esempio descrizione recensione', 'pop_esempio', NULL, '2017-01-01', NULL),
(55, 'Esempio titolo recensione', '<p>Questa è solo una <strong>recensione esempio</strong>.</p><p>Il suo unico scopo è di aumentare la popolazione del database per permettere di avere una paginazione completa.</p>', 1, 'z39 - esempio,recensione,esempio sviluppatore,1970,videogioco,review,game,Prism', 'Esempio descrizione recensione', 'pop_esempio', NULL, '2017-01-01', NULL),
(56, 'Esempio titolo recensione', '<p>Questa è solo una <strong>recensione esempio</strong>.</p><p>Il suo unico scopo è di aumentare la popolazione del database per permettere di avere una paginazione completa.</p>', 1, 'z40 - esempio,recensione,esempio sviluppatore,1970,videogioco,review,game,Prism', 'Esempio descrizione recensione', 'pop_esempio', NULL, '2017-01-01', NULL),
(57, 'Esempio titolo recensione', '<p>Questa è solo una <strong>recensione esempio</strong>.</p><p>Il suo unico scopo è di aumentare la popolazione del database per permettere di avere una paginazione completa.</p>', 1, 'z41 - esempio,recensione,esempio sviluppatore,1970,videogioco,review,game,Prism', 'Esempio descrizione recensione', 'pop_esempio', NULL, '2017-01-01', NULL),
(58, 'Esempio titolo recensione', '<p>Questa è solo una <strong>recensione esempio</strong>.</p><p>Il suo unico scopo è di aumentare la popolazione del database per permettere di avere una paginazione completa.</p>', 1, 'z42 - esempio,recensione,esempio sviluppatore,1970,videogioco,review,game,Prism', 'Esempio descrizione recensione', 'pop_esempio', NULL, '2017-01-01', NULL),
(59, 'Esempio titolo recensione', '<p>Questa è solo una <strong>recensione esempio</strong>.</p><p>Il suo unico scopo è di aumentare la popolazione del database per permettere di avere una paginazione completa.</p>', 1, 'z43 - esempio,recensione,esempio sviluppatore,1970,videogioco,review,game,Prism', 'Esempio descrizione recensione', 'pop_esempio', NULL, '2017-01-01', NULL),
(60, 'Esempio titolo recensione', '<p>Questa è solo una <strong>recensione esempio</strong>.</p><p>Il suo unico scopo è di aumentare la popolazione del database per permettere di avere una paginazione completa.</p>', 1, 'z44 - esempio,recensione,esempio sviluppatore,1970,videogioco,review,game,Prism', 'Esempio descrizione recensione', 'pop_esempio', NULL, '2017-01-01', NULL),
(61, 'Esempio titolo recensione', '<p>Questa è solo una <strong>recensione esempio</strong>.</p><p>Il suo unico scopo è di aumentare la popolazione del database per permettere di avere una paginazione completa.</p>', 1, 'z45 - esempio,recensione,esempio sviluppatore,1970,videogioco,review,game,Prism', 'Esempio descrizione recensione', 'pop_esempio', NULL, '2017-01-01', NULL),
(62, 'Esempio titolo recensione', '<p>Questa è solo una <strong>recensione esempio</strong>.</p><p>Il suo unico scopo è di aumentare la popolazione del database per permettere di avere una paginazione completa.</p>', 1, 'z46 - esempio,recensione,esempio sviluppatore,1970,videogioco,review,game,Prism', 'Esempio descrizione recensione', 'pop_esempio', NULL, '2017-01-01', NULL),
(63, 'Esempio titolo recensione', '<p>Questa è solo una <strong>recensione esempio</strong>.</p><p>Il suo unico scopo è di aumentare la popolazione del database per permettere di avere una paginazione completa.</p>', 1, 'z47 - esempio,recensione,esempio sviluppatore,1970,videogioco,review,game,Prism', 'Esempio descrizione recensione', 'pop_esempio', NULL, '2017-01-01', NULL),
(64, 'Esempio titolo recensione', '<p>Questa è solo una <strong>recensione esempio</strong>.</p><p>Il suo unico scopo è di aumentare la popolazione del database per permettere di avere una paginazione completa.</p>', 1, 'z48 - esempio,recensione,esempio sviluppatore,1970,videogioco,review,game,Prism', 'Esempio descrizione recensione', 'pop_esempio', NULL, '2017-01-01', NULL),
(65, 'Esempio titolo recensione', '<p>Questa è solo una <strong>recensione esempio</strong>.</p><p>Il suo unico scopo è di aumentare la popolazione del database per permettere di avere una paginazione completa.</p>', 1, 'z49 - esempio,recensione,esempio sviluppatore,1970,videogioco,review,game,Prism', 'Esempio descrizione recensione', 'pop_esempio', NULL, '2017-01-01', NULL),
(66, 'Esempio titolo recensione', '<p>Questa è solo una <strong>recensione esempio</strong>.</p><p>Il suo unico scopo è di aumentare la popolazione del database per permettere di avere una paginazione completa.</p>', 1, 'z50 - esempio,recensione,esempio sviluppatore,1970,videogioco,review,game,Prism', 'Esempio descrizione recensione', 'pop_esempio', NULL, '2017-01-01', NULL),
(67, 'Esempio titolo recensione', '<p>Questa è solo una <strong>recensione esempio</strong>.</p><p>Il suo unico scopo è di aumentare la popolazione del database per permettere di avere una paginazione completa.</p>', 1, 'z51 - esempio,recensione,esempio sviluppatore,1970,videogioco,review,game,Prism', 'Esempio descrizione recensione', 'pop_esempio', NULL, '2017-01-01', NULL),
(68, 'Esempio titolo recensione', '<p>Questa è solo una <strong>recensione esempio</strong>.</p><p>Il suo unico scopo è di aumentare la popolazione del database per permettere di avere una paginazione completa.</p>', 1, 'z52 - esempio,recensione,esempio sviluppatore,1970,videogioco,review,game,Prism', 'Esempio descrizione recensione', 'pop_esempio', NULL, '2017-01-01', NULL),
(69, 'Esempio titolo recensione', '<p>Questa è solo una <strong>recensione esempio</strong>.</p><p>Il suo unico scopo è di aumentare la popolazione del database per permettere di avere una paginazione completa.</p>', 1, 'z53 - esempio,recensione,esempio sviluppatore,1970,videogioco,review,game,Prism', 'Esempio descrizione recensione', 'pop_esempio', NULL, '2017-01-01', NULL),
(70, 'Esempio titolo recensione', '<p>Questa è solo una <strong>recensione esempio</strong>.</p><p>Il suo unico scopo è di aumentare la popolazione del database per permettere di avere una paginazione completa.</p>', 1, 'z54 - esempio,recensione,esempio sviluppatore,1970,videogioco,review,game,Prism', 'Esempio descrizione recensione', 'pop_esempio', NULL, '2017-01-01', NULL),
(71, 'Esempio titolo recensione', '<p>Questa è solo una <strong>recensione esempio</strong>.</p><p>Il suo unico scopo è di aumentare la popolazione del database per permettere di avere una paginazione completa.</p>', 1, 'z55 - esempio,recensione,esempio sviluppatore,1970,videogioco,review,game,Prism', 'Esempio descrizione recensione', 'pop_esempio', NULL, '2017-01-01', NULL),
(72, 'Esempio titolo recensione', '<p>Questa è solo una <strong>recensione esempio</strong>.</p><p>Il suo unico scopo è di aumentare la popolazione del database per permettere di avere una paginazione completa.</p>', 1, 'z56 - esempio,recensione,esempio sviluppatore,1970,videogioco,review,game,Prism', 'Esempio descrizione recensione', 'pop_esempio', NULL, '2017-01-01', NULL),
(73, 'Esempio titolo recensione', '<p>Questa è solo una <strong>recensione esempio</strong>.</p><p>Il suo unico scopo è di aumentare la popolazione del database per permettere di avere una paginazione completa.</p>', 1, 'z57 - esempio,recensione,esempio sviluppatore,1970,videogioco,review,game,Prism', 'Esempio descrizione recensione', 'pop_esempio', NULL, '2017-01-01', NULL),
(74, 'Esempio titolo recensione', '<p>Questa è solo una <strong>recensione esempio</strong>.</p><p>Il suo unico scopo è di aumentare la popolazione del database per permettere di avere una paginazione completa.</p>', 1, 'z58 - esempio,recensione,esempio sviluppatore,1970,videogioco,review,game,Prism', 'Esempio descrizione recensione', 'pop_esempio', NULL, '2017-01-01', NULL),
(75, 'Esempio titolo recensione', '<p>Questa è solo una <strong>recensione esempio</strong>.</p><p>Il suo unico scopo è di aumentare la popolazione del database per permettere di avere una paginazione completa.</p>', 1, 'z59 - esempio,recensione,esempio sviluppatore,1970,videogioco,review,game,Prism', 'Esempio descrizione recensione', 'pop_esempio', NULL, '2017-01-01', NULL),
(76, 'Esempio titolo recensione', '<p>Questa è solo una <strong>recensione esempio</strong>.</p><p>Il suo unico scopo è di aumentare la popolazione del database per permettere di avere una paginazione completa.</p>', 1, 'z60 - esempio,recensione,esempio sviluppatore,1970,videogioco,review,game,Prism', 'Esempio descrizione recensione', 'pop_esempio', NULL, '2017-01-01', NULL),
(77, 'Esempio titolo recensione', '<p>Questa è solo una <strong>recensione esempio</strong>.</p><p>Il suo unico scopo è di aumentare la popolazione del database per permettere di avere una paginazione completa.</p>', 1, 'z61 - esempio,recensione,esempio sviluppatore,1970,videogioco,review,game,Prism', 'Esempio descrizione recensione', 'pop_esempio', NULL, '2017-01-01', NULL),
(78, 'Esempio titolo recensione', '<p>Questa è solo una <strong>recensione esempio</strong>.</p><p>Il suo unico scopo è di aumentare la popolazione del database per permettere di avere una paginazione completa.</p>', 1, 'z62 - esempio,recensione,esempio sviluppatore,1970,videogioco,review,game,Prism', 'Esempio descrizione recensione', 'pop_esempio', NULL, '2017-01-01', NULL),
(79, 'Esempio titolo recensione', '<p>Questa è solo una <strong>recensione esempio</strong>.</p><p>Il suo unico scopo è di aumentare la popolazione del database per permettere di avere una paginazione completa.</p>', 1, 'z63 - esempio,recensione,esempio sviluppatore,1970,videogioco,review,game,Prism', 'Esempio descrizione recensione', 'pop_esempio', NULL, '2017-01-01', NULL),
(80, 'Esempio titolo recensione', '<p>Questa è solo una <strong>recensione esempio</strong>.</p><p>Il suo unico scopo è di aumentare la popolazione del database per permettere di avere una paginazione completa.</p>', 1, 'z64 - esempio,recensione,esempio sviluppatore,1970,videogioco,review,game,Prism', 'Esempio descrizione recensione', 'pop_esempio', NULL, '2017-01-01', NULL),
(81, 'Esempio titolo recensione', '<p>Questa è solo una <strong>recensione esempio</strong>.</p><p>Il suo unico scopo è di aumentare la popolazione del database per permettere di avere una paginazione completa.</p>', 1, 'z65 - esempio,recensione,esempio sviluppatore,1970,videogioco,review,game,Prism', 'Esempio descrizione recensione', 'pop_esempio', NULL, '2017-01-01', NULL),
(82, 'Esempio titolo recensione', '<p>Questa è solo una <strong>recensione esempio</strong>.</p><p>Il suo unico scopo è di aumentare la popolazione del database per permettere di avere una paginazione completa.</p>', 1, 'z66 - esempio,recensione,esempio sviluppatore,1970,videogioco,review,game,Prism', 'Esempio descrizione recensione', 'pop_esempio', NULL, '2017-01-01', NULL),
(83, 'Esempio titolo recensione', '<p>Questa è solo una <strong>recensione esempio</strong>.</p><p>Il suo unico scopo è di aumentare la popolazione del database per permettere di avere una paginazione completa.</p>', 1, 'z67 - esempio,recensione,esempio sviluppatore,1970,videogioco,review,game,Prism', 'Esempio descrizione recensione', 'pop_esempio', NULL, '2017-01-01', NULL),
(84, 'Esempio titolo recensione', '<p>Questa è solo una <strong>recensione esempio</strong>.</p><p>Il suo unico scopo è di aumentare la popolazione del database per permettere di avere una paginazione completa.</p>', 1, 'z68 - esempio,recensione,esempio sviluppatore,1970,videogioco,review,game,Prism', 'Esempio descrizione recensione', 'pop_esempio', NULL, '2017-01-01', NULL),
(85, 'Esempio titolo recensione', '<p>Questa è solo una <strong>recensione esempio</strong>.</p><p>Il suo unico scopo è di aumentare la popolazione del database per permettere di avere una paginazione completa.</p>', 1, 'z69 - esempio,recensione,esempio sviluppatore,1970,videogioco,review,game,Prism', 'Esempio descrizione recensione', 'pop_esempio', NULL, '2017-01-01', NULL),
(86, 'Esempio titolo recensione', '<p>Questa è solo una <strong>recensione esempio</strong>.</p><p>Il suo unico scopo è di aumentare la popolazione del database per permettere di avere una paginazione completa.</p>', 1, 'z70 - esempio,recensione,esempio sviluppatore,1970,videogioco,review,game,Prism', 'Esempio descrizione recensione', 'pop_esempio', NULL, '2017-01-01', NULL),
(87, 'Esempio titolo recensione', '<p>Questa è solo una <strong>recensione esempio</strong>.</p><p>Il suo unico scopo è di aumentare la popolazione del database per permettere di avere una paginazione completa.</p>', 1, 'z71 - esempio,recensione,esempio sviluppatore,1970,videogioco,review,game,Prism', 'Esempio descrizione recensione', 'pop_esempio', NULL, '2017-01-01', NULL),
(88, 'Esempio titolo recensione', '<p>Questa è solo una <strong>recensione esempio</strong>.</p><p>Il suo unico scopo è di aumentare la popolazione del database per permettere di avere una paginazione completa.</p>', 1, 'z72 - esempio,recensione,esempio sviluppatore,1970,videogioco,review,game,Prism', 'Esempio descrizione recensione', 'pop_esempio', NULL, '2017-01-01', NULL),
(89, 'Esempio titolo recensione', '<p>Questa è solo una <strong>recensione esempio</strong>.</p><p>Il suo unico scopo è di aumentare la popolazione del database per permettere di avere una paginazione completa.</p>', 1, 'z73 - esempio,recensione,esempio sviluppatore,1970,videogioco,review,game,Prism', 'Esempio descrizione recensione', 'pop_esempio', NULL, '2017-01-01', NULL),
(90, 'Esempio titolo recensione', '<p>Questa è solo una <strong>recensione esempio</strong>.</p><p>Il suo unico scopo è di aumentare la popolazione del database per permettere di avere una paginazione completa.</p>', 1, 'z74 - esempio,recensione,esempio sviluppatore,1970,videogioco,review,game,Prism', 'Esempio descrizione recensione', 'pop_esempio', NULL, '2017-01-01', NULL),
(91, 'Esempio titolo recensione', '<p>Questa è solo una <strong>recensione esempio</strong>.</p><p>Il suo unico scopo è di aumentare la popolazione del database per permettere di avere una paginazione completa.</p>', 1, 'z75 - esempio,recensione,esempio sviluppatore,1970,videogioco,review,game,Prism', 'Esempio descrizione recensione', 'pop_esempio', NULL, '2017-01-01', NULL),
(92, 'Esempio titolo recensione', '<p>Questa è solo una <strong>recensione esempio</strong>.</p><p>Il suo unico scopo è di aumentare la popolazione del database per permettere di avere una paginazione completa.</p>', 1, 'z76 - esempio,recensione,esempio sviluppatore,1970,videogioco,review,game,Prism', 'Esempio descrizione recensione', 'pop_esempio', NULL, '2017-01-01', NULL),
(93, 'Esempio titolo recensione', '<p>Questa è solo una <strong>recensione esempio</strong>.</p><p>Il suo unico scopo è di aumentare la popolazione del database per permettere di avere una paginazione completa.</p>', 1, 'z77 - esempio,recensione,esempio sviluppatore,1970,videogioco,review,game,Prism', 'Esempio descrizione recensione', 'pop_esempio', NULL, '2017-01-01', NULL),
(94, 'Esempio titolo recensione', '<p>Questa è solo una <strong>recensione esempio</strong>.</p><p>Il suo unico scopo è di aumentare la popolazione del database per permettere di avere una paginazione completa.</p>', 1, 'z78 - esempio,recensione,esempio sviluppatore,1970,videogioco,review,game,Prism', 'Esempio descrizione recensione', 'pop_esempio', NULL, '2017-01-01', NULL),
(95, 'Esempio titolo recensione', '<p>Questa è solo una <strong>recensione esempio</strong>.</p><p>Il suo unico scopo è di aumentare la popolazione del database per permettere di avere una paginazione completa.</p>', 1, 'z79 - esempio,recensione,esempio sviluppatore,1970,videogioco,review,game,Prism', 'Esempio descrizione recensione', 'pop_esempio', NULL, '2017-01-01', NULL),
(96, 'Esempio titolo recensione', '<p>Questa è solo una <strong>recensione esempio</strong>.</p><p>Il suo unico scopo è di aumentare la popolazione del database per permettere di avere una paginazione completa.</p>', 1, 'z80 - esempio,recensione,esempio sviluppatore,1970,videogioco,review,game,Prism', 'Esempio descrizione recensione', 'pop_esempio', NULL, '2017-01-01', NULL),
(97, 'Esempio titolo recensione', '<p>Questa è solo una <strong>recensione esempio</strong>.</p><p>Il suo unico scopo è di aumentare la popolazione del database per permettere di avere una paginazione completa.</p>', 1, 'z81 - esempio,recensione,esempio sviluppatore,1970,videogioco,review,game,Prism', 'Esempio descrizione recensione', 'pop_esempio', NULL, '2017-01-01', NULL),
(98, 'Esempio titolo recensione', '<p>Questa è solo una <strong>recensione esempio</strong>.</p><p>Il suo unico scopo è di aumentare la popolazione del database per permettere di avere una paginazione completa.</p>', 1, 'z82 - esempio,recensione,esempio sviluppatore,1970,videogioco,review,game,Prism', 'Esempio descrizione recensione', 'pop_esempio', NULL, '2017-01-01', NULL),
(99, 'Esempio titolo recensione', '<p>Questa è solo una <strong>recensione esempio</strong>.</p><p>Il suo unico scopo è di aumentare la popolazione del database per permettere di avere una paginazione completa.</p>', 1, 'z83 - esempio,recensione,esempio sviluppatore,1970,videogioco,review,game,prism', 'Esempio descrizione recensione', 'pop_esempio', NULL, '2017-01-01', NULL);
-- Comments:
INSERT INTO `COMMENTO` (`IDRecensione`, `UTENTE`, `Contenuto`, `DataCommento`) VALUES
(16, 'admin', 'Commento di esempio per la paginazione commenti.', '2017-07-01'),
(16, 'user', 'Commento di esempio per la paginazione commenti.', '2017-07-01'),
(16, 'AldoBiondo', 'Commento di esempio per la paginazione commenti.', '2017-07-01'),
(16, 'alfonso3', 'Commento di esempio per la paginazione commenti.', '2017-07-01'),
(16, '4yourAction', 'Commento di esempio per la paginazione commenti.', '2017-07-02'),
(16, 'AndreaVerdi', 'Commento di esempio per la paginazione commenti.', '2017-07-02'),
(16, 'braveChronny', 'Commento di esempio per la paginazione commenti.', '2017-07-02'),
(16, 'CarlJohnson', 'Commento di esempio per la paginazione commenti.', '2017-07-02'),
(16, 'DoubleJimmy_88', 'Commento di esempio per la paginazione commenti.', '2017-07-02'),
(16, 'gigi89', 'Commento di esempio per la paginazione commenti.', '2017-07-02'),
(16, 'giorgi90.minna', 'Commento di esempio per la paginazione commenti.', '2017-07-02'),
(16, 'jenny-biasut', 'Commento di esempio per la paginazione commenti.', '2017-07-02'),
(16, 'john_117', 'Commento di esempio per la paginazione commenti.', '2017-07-02'),
(16, 'LisaArdu', 'Commento di esempio per la paginazione commenti.', '2017-07-02'),
(16, 'lukeWhite', 'Commento di esempio per la paginazione commenti.', '2017-07-02'),
(16, 'Mantra.BlackPanda', 'Commento di esempio per la paginazione commenti.', '2017-07-02'),
(16, 'max_4-joke', 'Commento di esempio per la paginazione commenti.', '2017-07-02'),
(16, 'PaoloRossi', 'Commento di esempio per la paginazione commenti.', '2017-07-02'),
(16, 'rick-TheKidd', 'Commento di esempio per la paginazione commenti.', '2017-07-02'),
(16, 'RoxyBreaker', 'Commento di esempio per la paginazione commenti.', '2017-07-02'),
(16, 'SaraColler', 'Commento di esempio per la paginazione commenti.', '2017-07-02'),
(16, 'TheFounder', 'Commento di esempio per la paginazione commenti.', '2017-07-02'),
(16, 'theTooner_Joy', 'Commento di esempio per la paginazione commenti.', '2017-07-02'),
(16, 'Toona.YourJackal', 'Commento di esempio per la paginazione commenti.', '2017-07-02'),
(16, 'TractorrR', 'Commento di esempio per la paginazione commenti.', '2017-07-02'),
(16, 'valdimir', 'Commento di esempio per la paginazione commenti.', '2017-07-02'),
(16, 'Woodeex', 'Commento di esempio per la paginazione commenti.', '2017-07-02');
-- END FAKE DATA



-- RE-ENABLE CONSTRAINTS:

SET FOREIGN_KEY_CHECKS=1;

DELIMITER |
CREATE TRIGGER NotDeleteGioco
BEFORE DELETE ON GIOCO
FOR EACH ROW
BEGIN
	DECLARE x INT;
	SELECT COUNT(*) INTO x FROM RECENSIONE R WHERE R.ID=OLD.IDGioco;
	IF (x > 0) THEN
		SIGNAL SQLSTATE '45000' SET MESSAGE_TEXT='Cancellazione del gioco fallita: impossibile elimiare il gioco.';
	END IF;
END |
DELIMITER ;

DELIMITER |
CREATE TRIGGER PreventIllegalInsertIntoRecensione
BEFORE INSERT ON RECENSIONE
FOR EACH ROW
BEGIN
	DECLARE isAdmin BOOLEAN;
	SELECT Administrator INTO isAdmin FROM UTENTE WHERE Username=NEW.Autore;
	IF (isAdmin = false) THEN
		SIGNAL SQLSTATE '45000' SET MESSAGE_TEXT='Inserimento della recensione fallito: solo gli utenti amministratori possono inserire recensioni.';
	ELSEIF ((NEW.AutoreModifica IS NOT NULL) OR (NEW.DataModifica IS NOT NULL)) THEN
		SIGNAL SQLSTATE '45000' SET MESSAGE_TEXT='Inserimento della recensione fallito: non e'' possibile specificare AutoreModifica e/o DataModifica diversi da NULL.';
	END IF;
END |
DELIMITER ;

DELIMITER |
CREATE TRIGGER PreventIllegalUpdateOnRecensione
BEFORE UPDATE ON RECENSIONE
FOR EACH ROW
BEGIN
	DECLARE isAdmin BOOLEAN;
	IF ((NEW.AutoreModifica IS NULL) OR (NEW.DataModifica IS NULL)) THEN
		SIGNAL SQLSTATE '45000' SET MESSAGE_TEXT='Modifica della recensione fallita: i campi AutoreModifica e/o DataModifica non possono essere NULL.';
	END IF;
	SELECT Administrator INTO isAdmin FROM UTENTE WHERE Username=NEW.AutoreModifica;
	IF (isAdmin = false) THEN
		SIGNAL SQLSTATE '45000' SET MESSAGE_TEXT='Modifica della recensione fallita: solo gli utenti amministratori possono modificare recensioni.';
	ELSEIF ((OLD.Autore <> NEW.Autore) OR (OLD.DataPubblicazione <> NEW.DataPubblicazione)) THEN
		SIGNAL SQLSTATE '45000' SET MESSAGE_TEXT='Modifica della recensione fallita: non e'' possibile modificare i campi Autore e/o DataPubblicazione.';
	END IF;
END |
DELIMITER ;



-- END